image_name,label,split,RL_edge_density,RL_mean_edge_strength,RL_std_edge_strength,RL_thin_edge_ratio,RL_thick_edge_ratio,RL_orientation_entropy,LL_edge_density,LL_mean_edge_strength,LL_std_edge_strength,LL_thin_edge_ratio,LL_thick_edge_ratio,LL_orientation_entropy,RL_missing_edge_ratio,RL_low_gradient_area_ratio,RL_edge_gap_count,RL_mean_gap_length,LL_missing_edge_ratio,LL_low_gradient_area_ratio,LL_edge_gap_count,LL_mean_gap_length,RL_num_opacity_regions,RL_largest_patch_ratio,RL_mean_patch_edge_strength,RL_patch_irregularity,RL_patch_edge_blur,LL_num_opacity_regions,LL_largest_patch_ratio,LL_mean_patch_edge_strength,LL_patch_irregularity,LL_patch_edge_blur,RL_lower_zone_edge_density_ratio,RL_lower_zone_opacity_ratio,RL_upper_vs_lower_edge_drop,LL_lower_zone_edge_density_ratio,LL_lower_zone_opacity_ratio,LL_upper_vs_lower_edge_drop,heart_lung_edge_density,border_gradient_mean,border_continuity_score,edge_density_diff,mean_gradient_diff,opacity_area_diff,missing_edge_diff
train_NORMAL2-IM-1337-0001.jpeg,0,train,0.28834339453091984,75.09338442142267,37.35887279451944,0.8057454062977305,0.515888091605091,2.855354148920895,0.2852308200993883,77.5977527970922,40.19836865681056,0.8064098192976474,0.5259168133503195,2.871345218925529,0.0,0.0465677006641725,1,159844.0,0.0,0.04092717035077653,1,146820.0,468,0.07477167680200719,77.79064977266131,0.6741801181013822,48.7553575031888,363,0.08451409621799298,79.1875132445381,0.6315141711790672,56.49695864353946,0.8382024857504679,0.161319029020616,0.06660146346189008,0.8925434853309523,0.14590397217195764,0.05007493012183589,0.2859306434701565,48.394067474796316,0.27,0.003112574431531512,3.0682706546077654,0.01743924915064557,0.0
train_IM-0431-0001.jpeg,0,train,0.2584087100815045,64.8576498898492,28.294823778270903,0.8060248833347761,0.472447493858693,2.866417783063473,0.2528225312214853,63.625548795830206,28.348477734411627,0.801519069166128,0.4647227858961962,2.861351068779963,0.0,0.05826717532414713,1,364395.0,0.0,0.06404183747122993,1,274017.0,832,0.06883551058257008,54.10754324257658,0.628309494179443,32.529078487783465,528,0.03433614338050036,57.30211736900375,0.6474302321524847,32.27132029509297,0.8836494920887833,0.14000043741023976,0.042189874530761146,0.8730968900478172,0.2226276190373385,0.03401996806883262,0.27526275080758905,37.556821365224046,0.29,0.00558617886001922,1.1723024725616824,0.034617590700570466,0.0
train_IM-0213-0001.jpeg,0,train,0.2462483241793885,63.149885294033474,28.7760931390861,0.8080022314510631,0.4588301436563035,2.860169633181512,0.22058138070042832,62.49628603609276,28.911707709313248,0.8039235283199361,0.41398022171831694,2.8598124433599628,0.0,0.06391904164684513,1,296050.0,0.0,0.07359221466364324,1,247293.0,698,0.09269354933081653,59.33977622006215,0.6500530173510846,35.69020993086671,403,0.05152116402116402,57.50226177722055,0.6635361425008678,36.62854558217472,0.9140224293691366,0.11107671013331391,0.01050555095431946,0.7147037965576233,0.1366906474820144,0.07601799140055382,0.2568301161156719,34.992463248275136,0.24,0.025666943478960175,2.111253043179758,0.013761353912321306,0.0
train_IM-0717-0001.jpeg,0,train,0.3005907198364623,81.43835203717482,41.561165419590196,0.8033803380338034,0.5388589938222429,2.8607552876008495,0.30340024910619284,81.20340143964935,43.26090910612522,0.8029650805258697,0.5354875472116747,2.8599681119258484,0.0,0.03725067263899953,1,185901.0,0.0,0.03904512654493745,1,137914.0,638,0.03868989463241594,84.30104714574249,0.6919814047394537,57.17946289989128,343,0.04212113418957284,93.0041426784697,0.6668056905648246,61.879950854978425,0.9027832695848657,0.20060066560242432,0.03827442641568407,0.9285586314956773,0.09160627170705266,0.026088438075971387,0.339689656909668,50.34047085906,0.33,0.0028095292697305485,0.44382664745025124,0.002278299305556869,0.0
train_IM-0656-0001.jpeg,0,train,0.26697888487034543,67.7523856219454,34.84737324402099,0.8010604941709139,0.48929699191012255,2.8642542329965432,0.2598267121462853,68.95362056911236,34.32178766521789,0.7977816931919933,0.47492429444675843,2.8546509668783058,0.0,0.05205899178730377,1,226503.0,0.0,0.05676696948887963,1,197061.0,641,0.07215278653130747,63.633228544022835,0.6579607166062186,45.067362945088924,593,0.04912699395481307,64.63615563250218,0.6565168573467428,39.5976878982399,0.8503675554070982,0.0970068367517092,0.07488194044411631,0.7737806389562744,0.12280629873943268,0.10551626926569513,0.305983219629364,42.161539213483174,0.27,0.007152172724060157,0.3909691291993198,0.007139817781178004,0.0
train_IM-0624-0001.jpeg,0,train,0.2688757074134715,69.13005713462283,34.8450383092728,0.8103202553562384,0.4936930546010774,2.8600881367691,0.260820609991619,70.45168848321984,37.44179751306541,0.7949480978526622,0.4771781510767773,2.8447328117571478,0.0,0.05236522328455202,1,230599.0,0.0,0.05747549466166235,1,202613.0,718,0.07997137093326324,68.76775607527009,0.6427869062809605,45.77863618282272,427,0.09205990598695478,74.38595222617607,0.6329231680532953,52.638997404715965,0.8531322603450154,0.11898665667478507,0.0650381638867964,0.8568007790044245,0.10510263296400761,0.05895684187305522,0.29946949602122014,42.73085614014668,0.33,0.008055097421852508,0.17820783394098072,0.01859429022460274,0.0
train_IM-0486-0001.jpeg,0,train,0.2786345484453906,66.20999092847813,29.67506642092914,0.8034520949091455,0.5030166405581896,2.868519068293684,0.2559863788192085,65.16721790019203,31.260825622689627,0.7982008953158318,0.4706103503622193,2.8604721995541653,0.0,0.05167909325564427,1,275576.0,0.0,0.062130370027618315,1,205673.0,570,0.05564374612622555,60.863907368057454,0.6478847479651908,37.32432570004969,394,0.04896828954408086,66.45210609222227,0.6536370157992402,44.329255537057094,0.8497471213575916,0.23904053703222936,0.05402249326570854,0.880400281818875,0.10317554407655179,0.03202739471015595,0.3003796440562663,41.18007960784374,0.32,0.022648169626182102,2.262779153623214,0.00018266655186330305,0.0
train_IM-0409-0001.jpeg,0,train,0.3317171796482412,81.02870150572718,36.67611550778686,0.8165571927332979,0.5726680276381909,2.867035756406674,0.31111039052282285,83.34956589372166,40.031709139644285,0.8071431053052149,0.5513148934790363,2.8597020170271685,0.0,0.030670932788944723,1,67968.0,0.0,0.03526919376979366,1,63643.0,276,0.05613026067839196,81.27877119931385,0.70342693066196,45.84142523824282,241,0.1182269204578618,85.80411735579105,0.7230379587948468,51.79025203978896,0.9703554924523768,0.17683612290781914,0.0014848187760785891,0.9021420727776791,0.16798138360810919,0.030392988414545408,0.3517479659694617,56.67445945923806,0.35,0.020606789125418357,0.3220288798060267,0.002012593159573084,0.0
train_NORMAL2-IM-1111-0001.jpeg,0,train,0.28866390828108096,75.6005494932196,37.35208768532809,0.8033592568589328,0.5234675837727107,2.870639177545457,0.28403363684459665,76.93181378467948,39.53341035889292,0.7888502197604692,0.520387232107222,2.8407804931568976,0.0,0.0407833648770419,1,227902.0,0.0,0.04481664021385014,1,154145.0,541,0.040739712957448736,73.30146425719772,0.6567773952968168,48.70797356813527,297,0.058502492133767715,79.38273353067163,0.6535624467598246,55.92357990689568,0.8880321074579914,0.13859407817698555,0.05158958879967074,0.9551167974059513,0.16364961946084358,0.012617141350302452,0.2933923490357256,46.11508997429374,0.32,0.004630271436484312,0.3353431991333409,0.0012415848412736796,0.0
train_IM-0367-0001.jpeg,0,train,0.2970264498110728,75.2375116113939,38.65576177859258,0.8040617199909236,0.5347419679603022,2.8634534102696505,0.29818120740954024,75.85575906665194,38.993673854641216,0.8062605616802124,0.5362990690085421,2.8625471973574297,0.0,0.04096582460308434,1,166693.0,0.0,0.04172665322967655,1,146108.0,541,0.05162747006019554,73.51106740921509,0.6637946187344882,52.04690184970008,461,0.07149438525770227,77.61154743977517,0.6350520769154638,50.85958969891165,0.9041830217156274,0.13140140854553534,0.04594108015973225,0.8971746562894071,0.1548521225940581,0.047535139722452324,0.31064464571124134,44.59812041217373,0.33,0.0011547575984674485,0.43191422328886375,0.006189230104097138,0.0
train_NORMAL2-IM-1221-0001.jpeg,0,train,0.30447759858234735,78.43648947340915,39.51789064107205,0.8000911215296659,0.5364929206866308,2.857920298936735,0.2995577437370654,77.84049500147091,39.19483899477168,0.805028470480607,0.5397888887838898,2.8651412794570392,0.0,0.03882882560366585,1,155203.0,0.0,0.03747838330766105,1,148093.0,465,0.037490826427049956,79.9274080047035,0.671929689780676,53.328054124126915,465,0.06845994651345196,72.7614844984437,0.6587292905155518,49.347566412793945,0.9377690183926852,0.09131897020164192,0.030810446602320463,0.9162364014313182,0.1829306119916871,0.04970871787069597,0.33835536547433903,48.44368650804737,0.34,0.004919854845281957,0.25885819246474284,0.012148207352659757,0.0
train_NORMAL2-IM-0798-0001.jpeg,0,train,0.25804805959876104,71.23397426826527,36.557497594180795,0.8061160448112468,0.48336943539081323,2.857369309598154,0.23619503209224046,72.5692974579646,37.95003547064313,0.7957942017149857,0.44896345197737386,2.848700910018247,0.0,0.04999089013502844,1,183063.0,0.0,0.059116269873801065,1,158282.0,363,0.055582322813126306,74.89837326409175,0.632654972283016,49.419387744969775,258,0.0619999903554499,76.19124797090657,0.6535905878951288,48.708738986119236,0.8717853352867787,0.13355724824566664,0.05184173011836843,0.8313403897037939,0.11934048678356451,0.06585124136199794,0.29638928432768213,42.88340234781603,0.35,0.021853027506520573,1.2090555690934082,0.009332600601214491,0.0
train_IM-0227-0001.jpeg,0,train,0.2894804832425617,67.11669183019234,30.013486802217635,0.8117614508585913,0.5110708638632535,2.8769282430338228,0.28448855925276845,67.04061704233574,30.214776563350043,0.8008552148059064,0.5081296022444317,2.864587775811213,0.0,0.04889523888263076,1,274685.0,0.0,0.05103573071381595,1,188012.0,798,0.07126432624040181,61.008158305322034,0.6325386066177315,40.22582121770096,563,0.06477070986234608,62.3069948823453,0.6595357962568253,36.376762966092286,0.8554883225667838,0.15085292403341752,0.06197890066408379,0.868829797675287,0.17575897672985052,0.04554600794807312,0.27337281351099413,38.162802070056934,0.28,0.004991923989793257,0.46663651677981477,0.006064034528374479,0.0
train_IM-0223-0001.jpeg,0,train,0.24993848671599173,63.213042066703295,30.203193231683855,0.801723940566405,0.4643451839390246,2.8696910216277955,0.225353794061469,62.53388278654305,29.37372237910556,0.7918291997752629,0.42590221103200787,2.8564387343959283,0.0,0.05991107754107085,1,261938.0,0.0,0.06966631938415234,1,213939.0,480,0.05792262487196654,62.755370148141765,0.6527688757404434,36.61512698301234,406,0.05052237078196446,59.47370676089208,0.6313317510243011,36.0292597737989,0.8862595011930592,0.14087770104700378,0.028907653186551086,0.8069258933423678,0.14416927574080393,0.04869318463475883,0.2576587543112193,36.75910067162938,0.24,0.024584692654522733,2.1885850882888107,0.0015233240521868308,0.0
train_IM-0384-0001.jpeg,0,train,0.2917516075905885,81.98561147014554,40.75047563582241,0.8021303285723718,0.5248209418570681,2.868741957422588,0.2877858004522866,79.59890911949564,41.028482003884896,0.8045144023366371,0.5199959202765772,2.8667530690845733,0.0,0.04119541174544369,1,220410.0,0.0,0.04381833976358706,1,202187.0,679,0.050637097058984046,79.9420962107137,0.6584427771741179,51.696343894441725,492,0.037758543679418145,76.78038332145726,0.6467075029350677,50.619954248924586,0.8762660383783676,0.1162232031802551,0.052407017279896995,0.9598412012875417,0.20690602903330585,0.005120582526180473,0.30580357142857145,47.03012743721613,0.34,0.003965807138301913,1.6551636307395299,0.01423815957807173,0.0
train_IM-0619-0001.jpeg,0,train,0.29697854815383357,66.50001505185452,28.454349044270874,0.8121350626974251,0.5230348836796117,2.870293186906022,0.283775057000145,66.5710860777533,28.87423351399089,0.8024800297232026,0.5057351590952023,2.862517333249158,0.0,0.046510388350549534,1,197650.0,0.0,0.052093080467950324,1,162859.0,672,0.08683431584707609,61.842015026073064,0.6663991571357043,33.9330967429116,493,0.05628846686084057,61.00641313323868,0.6727844581504663,35.44083033994694,0.8636339073685274,0.08626005189733577,0.05520001578567674,0.9188338406992952,0.13597186133468533,0.016382931880499996,0.3273424394919722,42.712824263417254,0.28,0.013203491153688574,0.8150719043426236,0.027287152984283275,0.0
train_IM-0637-0001.jpeg,0,train,0.275195837339048,67.73753301820864,30.39166662537796,0.805,0.4977779620478509,2.856509026468402,0.26104461758475206,64.870127789093,30.377804373213817,0.802632326699476,0.47809175117641123,2.8599755085706158,0.0,0.05135434184920201,1,279447.0,0.0,0.05823903252413646,1,248726.0,706,0.08366264410855465,63.54413936332521,0.6607420388730341,38.03630547614852,589,0.06846921155226945,59.954638960469026,0.6338297015752793,39.15735713276456,0.8797525631808002,0.15884870796709588,0.04945377488924427,0.892385380816939,0.11375361771737763,0.03582426203254621,0.2643910461907284,37.34291835094303,0.25,0.014151219754295952,2.4997833687973525,0.014019852686096707,0.0
train_NORMAL2-IM-0997-0001.jpeg,0,train,0.29278450525189004,76.65616890120072,39.323786202229066,0.802513567552128,0.5311642804576169,2.869232991302093,0.2877605219457281,73.85320096826027,36.43449824416471,0.7938055201331402,0.5158692150289521,2.849340554676539,0.0,0.04027982203786713,1,168948.0,0.0,0.05030382565320961,1,114362.0,441,0.0530750317789523,75.74859069194025,0.6230428971226846,50.845027479524106,287,0.08169396018235758,75.17058552803262,0.6538820850910985,45.73918431953454,0.9453094850185823,0.09249799065484218,0.026746710098462023,0.8417929268526448,0.08544271883824123,0.06569791590499907,0.3204453617837728,49.30607863407701,0.31,0.005023983306161939,3.7181026123073337,0.014894894574976114,0.0
train_NORMAL2-IM-1254-0001.jpeg,0,train,0.2654928603836485,65.18898644553394,28.767472906176224,0.8042936145868478,0.4826275501759346,2.873459822738108,0.263407114889405,62.88679395647122,27.885339596125196,0.8000058715309039,0.48316909268534103,2.8639415747717125,0.0,0.0559563658739385,1,376810.0,0.0,0.05934058002768419,1,285486.0,593,0.06922886691085264,60.64399722854556,0.6490066385782012,38.10206393876783,618,0.07319041003023609,58.714702388197814,0.6056455128625503,35.89410551254652,0.852281102131785,0.20916541135173233,0.062276773163378846,0.9626163205625307,0.14847896742815722,0.018118398098502853,0.2574370394809194,36.79963044414359,0.31,0.002085745494243507,1.6425450079726431,0.011636994546867452,0.0
train_IM-0216-0001.jpeg,0,train,0.2441456890399495,69.06028080417661,38.31584661420365,0.801955733137059,0.4533041366527871,2.8614082396716065,0.2415164276154908,68.87765856046386,34.80762570581965,0.795131786993922,0.45025820329743477,2.8543666831701633,0.0,0.06122318004220341,1,294229.0,0.0,0.0680402474827806,1,216307.0,544,0.0692248846080782,67.16258718178301,0.6262893941055171,51.60160370413206,495,0.08329070818472922,62.782421150321845,0.6414845125517856,38.34691893100601,0.8443402340122338,0.13614503909968997,0.04872101258773881,0.8109671225699011,0.09042553191489362,0.05044181918596399,0.2533652077969842,37.573659595024615,0.2,0.0026292614244586843,0.7607777417460468,0.005657515528378426,0.0
train_NORMAL2-IM-1148-0001.jpeg,0,train,0.2558402098211532,66.1018636879762,31.180185925274788,0.8026939203354297,0.47072989549168787,2.8601289793604443,0.2488242953303186,66.98197775026006,33.173561346591065,0.7999273588205225,0.46476233192862426,2.854957981747909,0.0,0.0569284693300151,1,277280.0,0.0,0.061411113379770184,1,224213.0,753,0.03580690232213876,58.376327765542364,0.655882328504454,39.9562761803006,402,0.08998282885421932,63.98783933899017,0.6391345043605334,42.077358358607,0.8914283430373672,0.1322285444138653,0.02865296606449813,0.9607671120600303,0.12270834667862404,0.008196406735711759,0.2522045443941585,34.80679662345931,0.34,0.007015914490834579,0.13995646525451377,0.01806352935599015,0.0
train_IM-0577-0001.jpeg,0,train,0.2711836925536568,67.4126760324939,31.922471292889465,0.8070468165575161,0.4977225079561394,2.8712334502016583,0.25116659426030513,65.4473512026268,31.64623443341519,0.8019413129298767,0.4699343231708875,2.863500761255112,0.0,0.04969759128821587,1,193070.0,0.0,0.05721295136848023,1,146430.0,471,0.032729521425016214,64.2759102953929,0.6184907513433792,42.26895248553239,281,0.04687843397817587,62.75167731540536,0.6556872036536588,41.642834811032294,0.8927881527411395,0.15601538863780676,0.03603893581970957,0.8435251377716632,0.14100595825565668,0.046750153515074444,0.29711821387659754,40.53425378978101,0.22,0.020017098293351687,2.4726322065304203,0.006568855502733284,0.0
train_NORMAL2-IM-1376-0001.jpeg,0,train,0.3442652654466389,86.73920122731099,40.912551020994684,0.8273115220483641,0.5739190903169885,2.8801646829723073,0.35161680044216836,85.20711470861347,38.68884841291981,0.8240432901637292,0.5834030335490371,2.880395229970919,0.0,0.028447182460590685,1,133618.0,0.0,0.027552372986642013,1,132315.0,883,0.049240216843043444,61.047529984318935,0.6742421292690141,38.316002258605,834,0.06802251928372635,63.96578361483932,0.7042462899397812,40.162644427252665,0.9817773680383405,0.2047068997467416,0.01565967754889047,0.9936943644706822,0.22166561339149468,0.006342566549559114,0.31588750721443937,43.500926983593764,0.37,0.007351534995529485,0.6336116743185443,0.00807899182018565,0.0
train_NORMAL2-IM-0781-0001.jpeg,0,train,0.22999989150129657,59.89692385088358,25.868012366802486,0.804103139859612,0.4241952108672301,2.871078219190581,0.2185132743837013,59.016282706727075,26.405396909562242,0.8020941252919576,0.4035482302384553,2.871879756841168,0.0,0.07236321025963739,1,709182.0,0.0,0.07859206738529671,1,582933.0,1353,0.057936137663154925,52.903180791152835,0.6103901942210509,33.84525012161188,1352,0.08481700921484288,51.66428990237676,0.6421260790412219,32.52036699053612,0.7249553023941736,0.11022657414409992,0.09493223624279876,0.7189687534626278,0.19133878121740724,0.08704184064254628,0.22689857936059352,33.26617153461691,0.22,0.011486617117595271,1.1899433627352778,0.014194354979393947,0.0
train_IM-0621-0001.jpeg,0,train,0.2826854976980144,67.9057568322677,32.79340077815473,0.8075719971215837,0.5143453767244135,2.8652958014499124,0.2983184640052625,69.85859510328098,32.68997496287609,0.8088133958103638,0.5314003206841261,2.864979449938272,0.0,0.04797429414768411,1,172627.0,0.0,0.04516815359947375,1,136307.0,479,0.09317126025930031,68.79750883170279,0.6776757841640826,43.11193660936897,437,0.09813756526744234,68.86823627414813,0.6661711022164074,40.18280836003641,0.8931377683485494,0.1551759877285353,0.04405175264515748,0.9702870132208282,0.12872519727265763,0.006413237069721467,0.3062395274204084,41.257757319934285,0.25,0.015632966307248142,1.69691718829106,0.003965977778111279,0.0
train_NORMAL2-IM-0858-0001.jpeg,0,train,0.23715584084648894,68.46480352477582,35.285474868118236,0.8076288422426033,0.45318282753515915,2.8655620225065466,0.21186194607193856,69.89538530410573,37.96100251005619,0.7968796936016822,0.40779765243089944,2.831292664771397,0.0,0.05783511909817864,1,251289.0,0.0,0.06813598558524157,1,197997.0,450,0.06557680406741818,61.80426334605361,0.6205070987694689,49.29551422963865,284,0.05952054222402539,70.39460826906884,0.6888504245468396,51.161437479763975,0.8380218059885574,0.25239206918094237,0.06591065750427344,0.7908478927433698,0.2034259354478544,0.05202246481414771,0.2657170662655932,39.973165710406455,0.32,0.02529389477455038,1.4640458416782565,0.012455193762136496,0.0
train_NORMAL2-IM-1218-0001.jpeg,0,train,0.2448605147203278,63.470484481408874,29.14066652595413,0.8013954754502343,0.4545041536863967,2.860771533113752,0.2300260214174464,64.4818894885966,31.25265365042577,0.7893184830519794,0.43025858340443335,2.840461110006159,0.0,0.06078976172434116,1,430138.0,0.0,0.06620453637680714,1,325576.0,1010,0.09650304510117594,56.811823271585894,0.6440114271042228,35.210971489025255,575,0.04193915100694141,56.80454394060413,0.6359449675578779,39.95577753520173,0.7831467315378253,0.14275457909667177,0.07969815547589937,0.7642886170908483,0.12693171082624788,0.07168891242418382,0.2522487289792726,36.412656644379695,0.27,0.01483449330288139,0.6598896925443043,0.004296472951745733,0.0
train_IM-0727-0001.jpeg,0,train,0.3043038933973286,75.53422854269172,38.31137526142613,0.8015668776590226,0.5416779816224068,2.861423481585304,0.2965166462457,73.34413545850812,36.17647174599175,0.798460730159181,0.5308230281135659,2.8564468174093705,0.0,0.03912659067226625,1,220096.0,0.0,0.04344823811268163,1,166889.0,787,0.030335659477722696,76.0521707102275,0.6967385542977228,50.01145009271478,487,0.034008277859882696,77.12369163295331,0.6772468559180127,45.994342802692834,0.926049109745398,0.08761886486716984,0.02428787148576733,0.9941576553374397,0.13664195034265814,-0.013941250719301412,0.32743331752971955,45.77979637755561,0.2,0.007787247151628596,2.1330931041722536,0.014199996516641417,0.0
train_IM-0141-0001.jpeg,0,train,0.2768953608873302,70.84744278977178,34.60352457436523,0.8029879665510912,0.5025173589050689,2.8626889796265766,0.26800280189062153,69.29421409675827,33.639981218819884,0.7998094703030155,0.48769262998022966,2.8584270937967933,0.0,0.04906237910888601,1,255816.0,0.0,0.0542309857679668,1,223403.0,556,0.07828802652051019,68.71120737452786,0.6752690522360184,47.92639954818287,592,0.06034211870065596,64.62513335645195,0.6908464309946587,38.84631052577804,0.8749942891909295,0.09679966466178606,0.0465252576714347,0.879593518885215,0.22972111242695956,0.04519173786529465,0.31800894387094075,42.97591208568502,0.38,0.008892558996708655,1.6292901548228258,0.01210551149431846,0.0
train_IM-0514-0001.jpeg,0,train,0.26257280345853956,66.27197773944086,32.778555951066956,0.80723704986225,0.48034413841020407,2.8629198863986893,0.24933574646694134,66.36871922540924,33.45635250282387,0.8042728442728443,0.45849217656949953,2.856736087739879,0.0,0.056838878833886594,1,257590.0,0.0,0.0623018470740755,1,233708.0,510,0.05279019165501526,62.69865055014719,0.6863434365552994,44.912505516516276,479,0.08549616850860642,61.19874034072739,0.668054540601188,43.496345788200934,0.8697819374285449,0.18190654135054543,0.037165798191192645,0.8623355257000541,0.0898628850068222,0.05045859614986206,0.29765569076592696,40.63993120235693,0.27,0.013237056991598217,0.9595968398660446,0.0022483643859005087,0.0
train_NORMAL2-IM-0799-0001.jpeg,0,train,0.28925270343744336,70.75925625555723,34.23078099621269,0.8049540517961571,0.5200024164803964,2.8638522467323595,0.2871045974731817,71.1637215829021,35.141121729857694,0.8023099390399089,0.5147130972139584,2.853681661746845,0.0,0.04579230350993778,1,293864.0,0.0,0.04864351402415474,1,204607.0,759,0.0288962725789887,70.85463459076477,0.6692984088249919,45.874613620933566,490,0.07475721736830934,67.15259273799172,0.6678293104210783,42.67469406270663,0.9141256724048924,0.1814882631431352,0.0335860503025493,0.8799800068210485,0.18302404772589287,0.0430223998403661,0.3126019529006318,43.29058854808401,0.34,0.0021481059642616818,0.055174301850350105,0.0034701586751939573,0.0
train_NORMAL2-IM-0512-0001.jpeg,0,train,0.29574734921901724,79.92512392148562,40.51777062402955,0.8017803322352282,0.5310441088573571,2.86233064476092,0.29030902039284373,78.84832201902988,41.3391746284465,0.794435538087604,0.5295433504316277,2.8532083674552315,0.0,0.037928020370159236,1,203556.0,0.0,0.0414262479669711,1,141625.0,574,0.039354898892009826,77.67208891751274,0.6592721389731134,52.12307555453555,371,0.027914425121981733,83.4918913186552,0.6615707956824384,52.161415096869035,0.8673332286329584,0.21418517457430775,0.05832918129246745,0.9057252509863633,0.1544918192324068,0.04225018274421577,0.31447128430980026,46.892177376222705,0.31,0.005438328826173511,0.767276695826844,0.0043933845008907735,0.0
train_IM-0509-0001-0002.jpeg,0,train,0.31874941724105776,77.95879827285854,37.40565526147693,0.8080826264035462,0.5614712063289414,2.858911945504145,0.3041889074060656,75.2568771185645,36.31681914049032,0.805944472381759,0.5432537094735486,2.8564570805494336,0.0,0.03520939873621999,1,94819.0,0.0,0.041212794564000996,1,86300.0,419,0.03390401870566549,83.68898433325187,0.6586039499733936,47.69586686004034,306,0.04688871176806834,81.80954384700642,0.6620395852904581,46.08575741288244,0.9408795720097667,0.11243989944597661,0.015205020374927103,1.0041734340320578,0.10157359851382362,-0.01886797538355517,0.34365071875688086,51.489987149679315,0.29,0.014560509834992186,2.8214668371260245,0.010333931595571777,0.0
train_IM-0614-0001.jpeg,0,train,0.24598234001092834,68.72626015038595,35.085478988947585,0.7951677688968232,0.4591821713453079,2.8616927616413044,0.2355866042938133,66.91163001284843,33.49802717350888,0.7926885396804524,0.4451655875336906,2.8581262266136647,0.0,0.06007839458273972,1,302024.0,0.0,0.06472939062548407,1,246570.0,535,0.051113667154865476,67.47595445636072,0.6193109219037847,49.069613659973044,462,0.04850522011214722,60.870620127103095,0.634454991758434,43.58079576155152,0.7821167838285976,0.15103240917623217,0.08000263975566146,0.7248373739913324,0.18560436832961033,0.09251896990100122,0.19820258889582035,33.767037817526045,0.27,0.010395735717115023,1.849505316737826,0.01983510094193741,0.0
train_NORMAL2-IM-0502-0001.jpeg,0,train,0.31416469030147515,82.51146395702264,38.73541956864142,0.804412573313783,0.5534626278039494,2.8717151093961304,0.29970604855642363,83.04894771021844,42.436853533394135,0.7974052932018681,0.5407047576585498,2.864092093603898,0.0,0.03326411556608017,1,190374.0,0.0,0.040417027409546426,1,134914.0,581,0.037122076389063834,82.563976913193,0.667876012858566,50.28495538359962,348,0.05435250325316633,90.9536047269212,0.6631603551199304,57.09593709330366,0.9260021104274598,0.19347595430207024,0.03189858225490727,0.9462923380103911,0.17669315971928637,0.013199455206908295,0.3393182409575852,50.32994985199258,0.46,0.014458641745051515,0.6227796537815209,0.00400309232680332,0.0
train_IM-0382-0001.jpeg,0,train,0.3326856226875798,86.63339297743661,39.28433516031411,0.8117515232159115,0.5646359306996207,2.872649434055565,0.31347747747747745,85.5258305426564,40.427940505559164,0.8036555925968503,0.5491591591591591,2.8650096058328267,0.0,0.02938928807746433,1,142924.0,0.0,0.03596996996996997,1,114118.0,710,0.06180277909805128,84.79993953965153,0.6851289136132738,49.91252546199302,515,0.042276276276276274,86.71115961134215,0.6994333975429295,50.3740255958473,0.9296802702591264,0.1780783036981384,0.01844101710150553,0.8710666091439047,0.12507781697447604,0.0557884513049568,0.3401927047487956,55.42432048619695,0.41,0.019208145210102334,1.7952821046869687,0.0036417386436118915,0.0
train_NORMAL2-IM-0626-0001.jpeg,0,train,0.28750573986549055,69.5008119173366,31.37325147666225,0.8114129907259523,0.5160551331521946,2.8643117983292514,0.27198956243266487,66.25184053632303,29.892748981078277,0.8032681638684982,0.4886975774168998,2.858307897015666,0.0,0.04696668721601936,1,280564.0,0.0,0.05738685222341929,1,220711.0,760,0.06340870632945432,66.21057003286853,0.6464129196308059,37.729159478885286,535,0.0892398828409424,62.741276412881845,0.6460268058727157,37.613049142770464,0.8831091330485887,0.1440430555202965,0.03947644955434931,0.8793454349493216,0.11054895016443207,0.04171387728486353,0.31277424444115765,41.75063166711278,0.27,0.015516177432825684,3.540940980351145,0.008195867457309575,0.0
train_IM-0392-0001.jpeg,0,train,0.3208139713016392,83.68843674896209,42.67838226750164,0.8131953840031835,0.5580707756727774,2.870240165907989,0.3158222521461034,83.99845028424647,43.21819167605655,0.8095542645987671,0.5484822981540706,2.869346807900485,0.0,0.03186947862942348,1,132816.0,0.0,0.03494922291421197,1,121771.0,386,0.10531583516315171,92.26486552152824,0.6673634451419546,62.855510543014994,409,0.10276047803400101,94.89492900004043,0.6835862235530004,58.63172225635899,0.9648568134459976,0.14351178673716677,0.020481905803361733,0.9135464579522709,0.11563923089897116,0.03631475029552683,0.3443797581728616,56.158778254525934,0.39,0.004991719155535812,0.8907496791850065,0.0012203511841086534,0.0
train_NORMAL2-IM-0563-0001.jpeg,0,train,0.24878795127647027,67.52274004907747,31.502825017125247,0.7981112496787031,0.4632524827163155,2.8647142868680193,0.2521846606434215,67.65174408561572,33.76770897768013,0.7944893371407741,0.4709239671700792,2.8626255444403172,0.0,0.05672885398335935,1,316989.0,0.0,0.05620872638498036,1,292583.0,600,0.06896184207721585,62.33043082223776,0.6334984424077905,41.96590292828292,487,0.044515493087228096,65.80580122931521,0.6567793293782683,45.60599401460076,0.8079702746728992,0.08780251447224136,0.07615155573286023,0.8742428467169904,0.1854113935659,0.046789621783386165,0.2666295187016786,37.549380565683975,0.26,0.003396709366951217,0.5142360092624116,0.016849859195472522,0.0
train_NORMAL2-IM-0522-0001.jpeg,0,train,0.2887709491859608,79.6932650813159,41.45564034898603,0.7996221474619247,0.5291924693000507,2.8653304664122947,0.29234108052812224,80.46869521975259,43.40986942068949,0.799120282556086,0.536702773502108,2.8702985387542066,0.0,0.03998889729036457,1,148463.0,0.0,0.0366597512356951,1,147874.0,361,0.07522564343073727,81.05259032712274,0.6518760452966225,52.30440133165866,383,0.12586403051712763,84.43040167512484,0.6423742220824166,58.74476856049102,0.9137972993906097,0.1333421369736386,0.03296542788990142,0.9268389869934388,0.09658873131467996,0.02655643155588,0.28929273084479373,45.60959709231873,0.33,0.0035701313421614422,1.2183801046005414,0.0027868221638819024,0.0
train_NORMAL2-IM-1258-0001-0002.jpeg,0,train,0.2975062607091077,69.03847857614326,31.581238622869844,0.8065550820049797,0.5247475945696586,2.8706603820592536,0.28604591275009983,71.62031244284351,35.194079341935804,0.7992015030530766,0.5189723187394334,2.856442390296094,0.0,0.04589429286938184,1,266158.0,0.0,0.04606576771925372,1,191098.0,923,0.045944378542243314,65.55413234847735,0.6724426146935909,38.4114655856836,499,0.06024788854345887,70.29805638220093,0.6538156429345782,44.051000611247495,0.9092996709512421,0.1591850218572098,0.04493646017662822,0.899688222958324,0.17598379178679965,0.038468547418144206,0.2886612307477873,40.93647724298885,0.34,0.011460347959007855,1.4192872026803585,0.0018694970780915865,0.0
train_IM-0693-0001.jpeg,0,train,0.3123387173850712,75.74187042457237,36.911923544205834,0.8095820947718132,0.5564847558061742,2.8583937705376035,0.2920351162309004,75.65542283791088,40.05028310495573,0.8041082437667085,0.5332202093590173,2.854579253486342,0.0,0.035287612129818,1,100561.0,0.0,0.04135398244188455,1,88750.0,361,0.07007004273562623,80.48539338048047,0.6835450499973302,49.579826265425744,240,0.04227012730430349,81.9418160923406,0.7081697023745721,55.98646157917814,0.9372133330649083,0.06983454307740859,0.03614924267993336,0.9411016045243925,0.12288648192432128,0.012976747786225096,0.3397354542121443,48.79408304052447,0.47,0.02030360115417079,1.096271628701075,0.0037481091706838554,0.0
train_IM-0256-0001.jpeg,0,train,0.28318785470786534,74.91564070663485,38.14727712869653,0.808749665148674,0.512666360063154,2.861068763395079,0.28336488199642257,79.49184387863107,41.66554114822557,0.7957140814283672,0.510723651077575,2.8561758498563905,0.0,0.04655474058023924,1,151031.0,0.0,0.0494532529855455,1,123604.0,328,0.06668152271315661,75.40520217063879,0.6526472930251479,51.28459787286025,316,0.08225807385281536,83.50186385669892,0.6614647075012263,54.867253607660935,0.958928434313641,0.12264418531358336,0.0032903369273808436,0.7634995478120404,0.0820608830966738,0.07970617977185163,0.32330252476461,50.2343931699455,0.37,0.00017702728855722993,2.4703520601390707,0.00356097623084059,0.0
train_NORMAL2-IM-0882-0001.jpeg,0,train,0.26067820578288986,63.65465791136382,28.410549850241726,0.8046877675568677,0.4760528223459378,2.864137436539208,0.23437953001465275,62.20408877643346,29.530785712396877,0.797964010798432,0.4391459869457221,2.853449630138017,0.0,0.056627254644988266,1,413619.0,0.0,0.06756529097875741,1,390568.0,984,0.10629461527748515,61.12781370716851,0.6418281305962491,36.69002669328788,728,0.050863494252513304,55.47394251514454,0.6326529277673346,36.19897106791455,0.7878776730038333,0.15784578457845785,0.08178248290273313,0.7835491406048237,0.1596811080000855,0.0707119801354722,0.25407704513399154,35.343071581515154,0.25,0.026298675768237106,2.30995765724181,0.007311277878427808,0.0
train_NORMAL2-IM-1094-0001-0001.jpeg,0,train,0.2815295399606718,68.76158384669199,32.50798104274732,0.8020251272377834,0.508322791548202,2.866386331737859,0.2849892744899147,68.79516890383388,33.006420899401164,0.795313448163189,0.511512047491561,2.8582361820264857,0.0,0.04846131686727371,1,286558.0,0.0,0.05109333688078887,1,214773.0,806,0.08799488984356409,63.87345510480078,0.6627178414187601,41.906386360184214,624,0.08251824999584283,67.73074881187102,0.6553564687785813,42.25095642022291,0.8377962254806364,0.16713111601290515,0.07208781318753196,0.8663021771668823,0.14896405976218183,0.054115304774610434,0.30567932668505554,41.78996498582441,0.39,0.003459734529242864,0.08950144625407574,0.001003850499826181,0.0
train_IM-0455-0001.jpeg,0,train,0.2830270660233892,75.81080178105086,38.0623493174477,0.8053499789998118,0.5198619440151829,2.844417578569974,0.28959685062331414,76.35540751267825,38.287337103380224,0.7988285838955459,0.5230832786566547,2.8474792575311323,0.0,0.04333105152915039,1,174672.0,0.0,0.0434351534592112,1,146009.0,404,0.06339179944170947,72.51551013529475,0.6775525435701845,49.17343156790621,376,0.04876673713883016,73.96561547644195,0.6607919585737283,50.21991205094516,0.9335958387429129,0.1369879093790351,0.01930154634837744,0.9408089207348789,0.12192031535970717,0.018796902897974255,0.3173348505476195,48.269523367275234,0.29,0.006569784599924966,0.06324985234684988,0.0022916760279483583,0.0
train_NORMAL2-IM-0621-0001.jpeg,0,train,0.3656403348704165,95.56641614088063,39.16476461180729,0.8283040738477102,0.5901089315217123,2.8843922866842826,0.36509691571679326,92.13265174899482,36.72964764253325,0.8276035498158574,0.5923656043485215,2.883905837313628,0.0,0.020987966365003823,1,410947.0,0.0,0.021081167529828953,1,321037.0,2902,0.03771915764555027,84.88411378928036,0.7111428450704208,45.499930267372804,1701,0.05286383623149203,77.64997405860417,0.7193221367980179,41.09799263474348,1.005075893193197,0.15293320476401448,-0.003209673748105213,1.0087184026836244,0.22514829023704763,-0.004918208842497829,0.3461756305660332,47.1601320564132,0.37,0.0005434191536232147,2.3476413839268417,0.0044156554622571675,0.0
train_IM-0347-0001.jpeg,0,train,0.3124211813561265,74.01667768086193,35.27596288962366,0.8119954334175976,0.5403190536242777,2.879267898990158,0.31086308126405787,75.31202577694738,34.72351793973834,0.8126240685865531,0.5408421984626323,2.88060317977834,0.0,0.03897515593883886,1,161644.0,0.0,0.040254170970670175,1,153825.0,583,0.09659503458466555,79.75776565113787,0.6470168600441921,50.018562339283726,453,0.0939368328794566,79.64186414402603,0.6580655465661843,47.88175001811724,0.9684324873868233,0.11317214918467527,0.018648371166358535,0.9494057716409043,0.1450884724444374,0.031038702450400524,0.3431444948482611,49.18098502430211,0.41,0.0015581000920686372,0.9953019976291912,0.0011451635518290593,0.0
train_NORMAL2-IM-1126-0001.jpeg,0,train,0.28687890755544065,71.56084719859369,34.395734605556704,0.8015203564504608,0.5160375954705898,2.860550355046343,0.2714341135393767,70.02257829349642,35.86922891513452,0.7959028108623154,0.49485645933014355,2.8478639434149247,0.0,0.04729194058686208,1,292012.0,0.0,0.05188477951635846,1,225154.0,721,0.05781047609057845,72.30914460488113,0.668833237708723,45.90362690352489,575,0.04445557998189577,68.01737795339743,0.6568775062396409,49.87258629493846,0.8711601502416367,0.09074117739526841,0.052153260571333765,0.8580429124131412,0.1486045215095971,0.04080150823696754,0.3074723543313979,41.43384745091394,0.34,0.015444794016063967,2.0289986705959535,0.01560601030674022,0.0
train_NORMAL2-IM-0386-0001.jpeg,0,train,0.27159205278264437,69.74887263985875,33.20653930399405,0.8068311046625622,0.49857552891809426,2.859621611337721,0.2554642547991242,67.37017479836445,32.29605877655942,0.8013155108193291,0.4772200723051072,2.8578848708994773,0.0,0.04959821927801948,1,273355.0,0.0,0.054941697642446156,1,233701.0,640,0.050913525286358625,65.25829059400733,0.6295149576352569,41.77034098605602,444,0.05320408371098325,64.55449215793064,0.6347671081947401,41.52025921678257,0.8911936820784531,0.21568788426103297,0.03788824423275261,0.951826417107933,0.1751162141496037,0.012005859992283402,0.2956369817735386,41.112312148187776,0.31,0.016127797983520153,2.30484330351716,0.0029763875630934022,0.0
train_NORMAL2-IM-1310-0001.jpeg,0,train,0.2631900552303703,69.45756108135518,34.543993904059974,0.7978414428627775,0.48072599271931127,2.8658916438071307,0.2658554761051476,66.89703018766556,32.34882457287698,0.7962233871830534,0.4871495127736915,2.8624835538253017,0.0,0.05357888553086979,1,312087.0,0.0,0.0547638957625817,1,257918.0,726,0.04797091499335867,64.80660741418095,0.6686507247091844,47.35569889585696,593,0.09702999584734144,60.78864018165282,0.6897454075550784,40.702047943623384,0.8067844998947077,0.14956642220682737,0.07193587720087469,0.8998988978170982,0.16390148340385138,0.03350439372822317,0.27349106973466675,40.520593958066,0.32,0.00266542087477728,1.2581410182987796,0.003970733721261471,0.0
train_NORMAL2-IM-1287-0001.jpeg,0,train,0.24269060512632015,62.0625187788106,27.290767523385828,0.8068459764111938,0.44440677214207175,2.8653228680186302,0.2259963290853401,60.303011355364,25.809728848760408,0.8059213560294736,0.41772924398844297,2.8703214501069656,0.0,0.0689730565580965,1,716518.0,0.0,0.07285086474937612,1,667895.0,1631,0.05338517323801889,51.42211378245582,0.6221130622202307,31.354091961035344,1193,0.09163853649780845,50.97274468813848,0.6423502428138652,27.40197616817766,0.7452784710063645,0.1724614426372865,0.08461160609325294,0.7942960480860625,0.11060395339823534,0.049048959284207855,0.26932008097032006,36.49778678136197,0.14,0.01669427604098006,1.8325607255823968,0.024316642548876527,0.0
train_NORMAL2-IM-0569-0001.jpeg,0,train,0.28585911130289826,68.77504135688696,30.633913377431345,0.8103642586101719,0.5148845237602634,2.8652246670587194,0.2741132874536792,67.33544870323735,30.405060975036893,0.7984099394875757,0.499854420328216,2.850235772634579,0.0,0.04654812642978323,1,241324.0,0.0,0.051579318863596256,1,164370.0,571,0.04713925128126312,62.26664590317475,0.6577687181297112,37.28933078243785,363,0.03550820539968237,62.04634867555321,0.6432275533607267,35.42163851373721,0.8907126372541875,0.17589436676417702,0.05055679924181267,0.8513490085269894,0.16076444536352513,0.03844073792060118,0.2955071143197589,42.201555581746504,0.32,0.011745823849219073,1.7640092062821964,0.00033769996854313145,0.0
train_NORMAL2-IM-1181-0001.jpeg,0,train,0.27289742391552907,63.63353325027376,27.736566395674828,0.8069240648140558,0.4929955557323099,2.866884361506478,0.24283231348214543,64.03474697126829,29.808001125818688,0.8011150217384875,0.44940604441380105,2.8518066230184274,0.0,0.05638105369908231,1,292234.0,0.0,0.06719526559223189,1,210675.0,715,0.05102953896936736,57.500261701378975,0.6536905516430185,34.568760059057,430,0.03913140279812692,58.30109070921456,0.683301225470352,35.07197000529657,0.8594569881610616,0.18805799469062692,0.043042503357471756,0.7694344055344337,0.2014199829825222,0.05721730928922425,0.27941650411330676,38.77057684359617,0.33,0.03006511043338364,1.6910251377883654,0.002818001191013192,0.0
train_IM-0559-0001.jpeg,0,train,0.29088260497000856,68.63991582845401,31.611035567762315,0.8094228087747206,0.5291859468723222,2.866137304809215,0.30387648057635064,69.16817774129369,31.049606218640832,0.8081621572708352,0.5394075632273987,2.8628988712479577,0.0,0.045712653527563554,1,124003.0,0.0,0.04287570376786488,1,101109.0,291,0.08956298200514139,66.27662374729137,0.6306026418911486,42.6708005356632,410,0.0812211704372813,68.0588137819016,0.6775062649317813,38.118762764902556,0.9338398458099838,0.3081454397724964,0.03272367519413638,0.9963655154113589,0.09446487844263031,-0.008107314243194608,0.31878292054241847,45.433460666782246,0.33,0.012993875606342076,0.32478677681127976,0.021188740534143158,0.0
train_IM-0323-0001.jpeg,0,train,0.29348596800931065,71.2551501301694,34.02553776791123,0.8129363347051669,0.5219147469156027,2.8667421483726176,0.2740351024061666,69.29596120081727,34.10786084622153,0.8089626243992997,0.49596074403449064,2.860743503902791,0.0,0.045423649246688215,1,288649.0,0.0,0.053996271456031836,1,225249.0,982,0.04714739091527015,68.58056230590017,0.6582441651312552,44.47981036369421,667,0.04435615000466873,69.69738162107828,0.6507414290388912,43.95415483548947,0.8943559963892703,0.18400755319921563,0.04565241849479823,0.8501204667476197,0.16525637089346024,0.0504263601705949,0.306802276756555,43.33270825519146,0.31,0.019450865603144074,2.6474910922717996,0.0012103348518047452,0.0
train_IM-0265-0001.jpeg,0,train,0.24577589854826187,68.91991292647235,33.99415401846259,0.7967409134661009,0.46159741172785823,2.8574430555139068,0.24025009676833267,71.03771125572868,36.7556256123787,0.7936771499498578,0.4548585602451991,2.8580754764970373,0.0,0.06084172156082673,1,226200.0,0.0,0.06460964839522557,1,192183.0,426,0.09760664794101086,65.762252634529,0.6312963406581031,42.072763509803934,317,0.09249867684116564,76.0205291630191,0.6532455285454493,47.19943338920138,0.8643384080813225,0.09854148535718404,0.05662835051099571,0.8032092567758367,0.03454244431065623,0.0714893362618349,0.31539768864717876,44.363776000486965,0.31,0.005525801779929201,0.8692536192767903,0.007113103131472287,0.0
train_IM-0629-0001.jpeg,0,train,0.2797326170563458,67.98481017352402,29.524241639418573,0.8102044824651375,0.49895610768573345,2.8666077502298792,0.2860710907872143,71.28022307365066,34.479606819179786,0.8062207100211851,0.51513732404066,2.8604980999086322,0.0,0.05252426591783164,1,117804.0,0.0,0.04772136672084332,1,77614.0,251,0.14847689396251756,64.32176091600384,0.638798017826795,39.51722710822636,274,0.04181702983388887,72.54382359002852,0.6427156906518455,45.81948849540148,0.9338652373147619,0.181549189596683,0.04012850140483071,0.8382806816396312,0.10679870726717466,0.06632409642679526,0.334586296929864,46.76776500397768,0.29,0.0063384737308685435,2.791887457654788,0.008817003890752378,0.0
train_IM-0755-0001.jpeg,0,train,0.30105895835017427,79.93824020095649,40.796327195058815,0.8036422219765293,0.5395076580710505,2.8605899881734715,0.2877733434480029,81.97805124493159,43.25842683578387,0.7965042979942694,0.5236430401178579,2.856587777856822,0.0,0.03788379513173974,1,146812.0,0.0,0.04275097023868421,1,129430.0,369,0.041112500653824754,81.89676175521588,0.6569972868336836,54.80577783446286,308,0.050463405785151225,87.27411748623415,0.6454709407451388,58.196023276161036,0.9670453789079098,0.19716393214467967,0.0012220900537607826,0.8794165359996184,0.15762476615774546,0.04334838007050218,0.328342566252433,50.62698817981265,0.35,0.013285614902171339,0.503136365697948,0.0028222743720017207,0.0
train_IM-0349-0001.jpeg,0,train,0.3028721513049061,76.13618030261178,36.719624585016376,0.807343095594754,0.5401718476087011,2.8692465083591148,0.28157448279112146,74.74485658918823,37.63371973413207,0.8000808937363143,0.5151981652240846,2.8573976766468867,0.0,0.04009160267647712,1,225658.0,0.0,0.04733423396534661,1,182761.0,611,0.056257870176045034,78.15769457429631,0.6448814704835214,48.15825703705768,511,0.058012221366970894,72.70687764691995,0.6682423020922361,46.05680620249933,0.9095427554713046,0.16412276891894687,0.04370686930909379,0.8876065643504256,0.1344142259414226,0.041467017056310757,0.3082392657453318,44.28988734532065,0.44,0.021297668513784618,2.196372599972854,0.0024758875414220005,0.0
train_IM-0404-0001.jpeg,0,train,0.3078470408413237,73.411076477145,33.076306534389516,0.8123017607567555,0.542512999044264,2.8669240909378795,0.27907865062712245,72.27823518335983,33.65160454344825,0.8095059529389707,0.5006252910612158,2.854982977477978,0.0,0.04119670564367265,1,200344.0,0.0,0.04984537781708013,1,137605.0,644,0.07504770054066363,70.92642993306866,0.6497125386754042,40.80134928653667,312,0.05733317286812376,72.6344208953364,0.6844882282039502,45.69341252590914,0.950818234675995,0.20268417473888375,0.01899955628319222,0.8802606601572632,0.2333027338065065,0.032046083729564245,0.33017029372186907,50.372728492352685,0.33,0.028768390214201245,2.6592238947080915,0.0036623179177865395,0.0
train_NORMAL2-IM-0869-0001.jpeg,0,train,0.25716669560352645,71.56100433469871,35.797813800454364,0.8145265645218761,0.48109458494897467,2.8583293859734895,0.24400125970518055,70.65147382560285,36.939686106070084,0.8114125443669488,0.4571215736624717,2.8559163638555893,0.0,0.05185002990142176,1,153882.0,0.0,0.05637786310396201,1,124743.0,253,0.11112236433435577,67.90738125692111,0.6543040720498207,46.571348639675584,180,0.10248428396661781,70.00563894307724,0.661935903518874,47.0428795392502,0.8936316781759222,0.17452493109130948,0.03586500031817469,0.8405895140262276,0.10207276124113207,0.04802858161022833,0.24884526558891454,42.57399993774937,0.29,0.0131654358983459,1.5773317144182428,0.017393380621515714,0.0
train_NORMAL2-IM-1328-0001.jpeg,0,train,0.2726891167556143,66.5453516143882,30.995410708314562,0.8041965274313456,0.48948305294224015,2.8716072941147917,0.2700228085195376,65.60965981849546,29.723115154290188,0.8075771877596792,0.48188498145037784,2.8724828248381553,0.0,0.053783330485460086,1,437990.0,0.0,0.0573197484309612,1,334710.0,1153,0.04400378905388121,64.55875545642958,0.6573166040547597,40.513173859683576,884,0.0396981520088707,62.160461453032475,0.649094907547634,37.742575855275206,0.8075615987008234,0.16503215529641121,0.08096984188243922,0.7782907343064875,0.14017731741573033,0.07940294356341837,0.27495003428304665,38.069156548798766,0.24,0.00266630823607672,1.3228444615586028,0.008695621973310003,0.0
train_NORMAL2-IM-0578-0001.jpeg,0,train,0.24776020947342206,65.03499508338088,30.089958107737584,0.804023581830037,0.4578141933051971,2.8755418234604533,0.24379062405280705,65.82494534913387,32.02569352173462,0.8017129733556665,0.4498366618394908,2.869525694581315,0.0,0.062305217315213074,1,446636.0,0.0,0.0627588994038999,1,358964.0,985,0.08030263255319292,59.60677800464143,0.6189330157659123,37.108378658757054,617,0.05425731653925168,62.376365382320124,0.6099968601159318,42.80052690151102,0.8244907074090875,0.1432718599104078,0.0526114969745827,0.7699165444348663,0.16075527227069522,0.06722364630021893,0.2351548317503749,35.23907387838575,0.2,0.003969585420615013,0.08650981388850454,0.017395292117901473,0.0
train_IM-0519-0001.jpeg,0,train,0.23576857191619907,61.53400895620921,27.279994770799995,0.8081432758990491,0.4416952345233154,2.8658554778143612,0.21888156507206796,60.155966209279626,27.415971026773324,0.8031785139288676,0.41569824094912394,2.8596363083813667,0.0,0.0651494623905133,1,362388.0,0.0,0.07244438393174167,1,292342.0,628,0.08109338159843743,50.784849216482804,0.614383171754735,31.20714484492942,314,0.05759830422049405,56.74663830649852,0.6132241189484048,37.83623933582951,0.7835384959612798,0.17680609634740097,0.06426065857044871,0.8258661101619169,0.15291948371235403,0.05583873726761407,0.2581530771787706,35.44962667185895,0.21,0.01688700684413111,1.582156429156285,0.012296320346731143,0.0
train_NORMAL2-IM-0592-0001.jpeg,0,train,0.31161788713667804,76.11809718621649,34.81520925465732,0.8122643853224883,0.5475032398135213,2.877350648091861,0.29479320690793726,75.811869206271,35.74820928152973,0.8071747423098774,0.5223349938031459,2.8712431491682633,0.0,0.03622532271908713,1,204270.0,0.0,0.04453600156955072,1,147191.0,607,0.04172206607536564,74.70891590561406,0.6547008729613764,42.674122083694975,450,0.062183876694564474,76.31141686458783,0.674917763523047,43.290156484143964,0.9530506583904426,0.10138870837124205,0.02970631684337588,0.8483067536831856,0.2114457299302305,0.07498678572494027,0.33729078589216427,48.88472703963097,0.33,0.016824680228740785,1.7716423747584926,0.014710364951402155,0.0
train_NORMAL2-IM-0554-0001.jpeg,0,train,0.3079983558116629,79.70123985689864,40.173782456594985,0.806335456903281,0.553827779027292,2.864102760157183,0.30157625180249614,81.94986126454066,43.29597089916034,0.7954245671887882,0.5403883446869873,2.8596878394803937,0.0,0.03328705822132946,1,89121.0,0.0,0.036659042315150915,1,56104.0,283,0.09904683610079185,81.98068563873773,0.6475533693526895,54.63247608984059,171,0.058090099945303564,87.19241090636793,0.6649892662119862,53.73892691845303,0.9558290850021167,0.1679160419790105,0.017034060389697736,0.8257152166590411,0.11584973166368515,0.05897083234335765,0.32695437731196053,51.98685105219463,0.41,0.0064221040091667625,0.781753762343854,0.021569194637388267,0.0
train_IM-0605-0001.jpeg,0,train,0.3044934797200115,73.09789780794058,35.46373101852178,0.8096203428526442,0.5442456131939784,2.8565649659256676,0.29414310249232556,74.4978493849593,38.27156344353047,0.7973886258103076,0.5283311020054904,2.850870995053617,0.0,0.03985880717230799,1,115848.0,0.0,0.045045776028777365,1,104222.0,394,0.07639754530635727,71.3258207657483,0.6565601041100114,45.91516726298628,373,0.0874139586460573,76.22980433308977,0.6834231503813217,51.361586876689444,0.9118683265897073,0.11977793753494688,0.03262530854806328,0.9428443736433901,0.12697486876474018,0.027777619293210487,0.33657316695885325,47.93509855669939,0.29,0.010350377227685947,0.10252233493119434,0.010024820863223732,0.0
train_IM-0698-0001.jpeg,0,train,0.31467760711341336,80.70226516613748,38.36609276170404,0.8070827406686943,0.5430824319495012,2.872564267517606,0.30777026338840113,78.07731521857544,38.04281479030706,0.7993298585256887,0.5337358171558941,2.8596574043696075,0.0,0.03751667427402776,1,386823.0,0.0,0.041308488317614224,1,271606.0,1438,0.05709236044030698,75.56618133651463,0.6888121075508421,49.78295593763427,981,0.04885824285510582,74.26870685487924,0.6998192892748657,44.56626555959175,0.943408803924404,0.14665339820138582,0.02264802922332171,0.9664131070068833,0.20892885148204296,0.009750666582334755,0.3459782671189559,50.11736762719377,0.36,0.006907343725012227,2.427666775922262,0.016535190302187086,0.0
train_NORMAL2-IM-1362-0001.jpeg,0,train,0.28799814374383664,71.69836418111916,39.55169118167673,0.8222284885594586,0.5183595336156389,2.8564815719790855,0.3001769795490299,76.84868734271264,43.24728581784015,0.8142264439349274,0.5449003670686943,2.8417259797300196,0.0,0.051232670108474966,1,61275.0,0.0,0.04313057157839539,1,42641.0,318,0.11149138581124195,69.46403881898482,0.6563416840043343,49.92514923382755,239,0.08958770319874147,73.48215793830232,0.711184611141015,50.15614205729414,0.9755256559416812,0.09319207376888365,0.0022631970252611766,0.9635239646161506,0.10854071737352494,-0.0026878967455594704,0.2783661119515885,40.796911038599866,0.28,0.012178835805193244,4.268357756454861,0.0017105819635621633,0.0
train_person1159_virus_1944.jpeg,1,train,0.21265698977316086,73.13279581718747,39.32712046036558,0.8135250562280458,0.41245385024640074,2.843013200524121,0.1637519290947132,67.14442204768812,38.140417429181504,0.7977276960327808,0.33217028492652667,2.8478642354902135,0.0,0.06758957217095965,1,146396.0,0.1812403545264365,0.09093737228325516,1,137034.0,193,0.04419628222421659,59.115388665728425,0.599908476947038,46.055402956980075,216,0.03060321952945339,51.510923632760154,0.6148566938319612,41.95743011345156,1.0078312208072862,0.21624592386326164,-0.029986679148735512,0.9612091708149272,0.19349964020148716,0.0011371728732826325,0.10473886438024761,28.548156181552372,0.12,0.04890506067844766,6.578154690913912,0.014275277349026283,0.1812403545264365
train_person445_bacteria_1930.jpeg,1,train,0.18149629532489672,74.41381626590959,42.759351350718596,0.8059971098265896,0.3690741590715363,2.8005337436228386,0.1630105419773919,79.32147405940042,48.28017965688443,0.7994211932324132,0.3324442509026908,2.7880839473686607,0.09251852337552391,0.07427381811028785,1,49904.0,0.1849472901130479,0.09578502349717852,1,46110.0,95,0.04150547505081634,68.98002661510812,0.6079590260613529,46.36304968497536,57,0.10389563260936621,92.0642912632711,0.6311167512778488,52.3960867967686,0.8598556003319875,0.12045454545454545,0.021026286092907187,1.172588180793285,0.2802498903989478,-0.03688719387102685,0.15462328767123287,35.31394078546324,0.14,0.018485753347504824,1.1084234978705396,0.01294296478130863,0.09242876673752398
train_person471_virus_967.jpeg,1,train,0.2976162097735399,78.59610968188233,42.274696225416164,0.8254905887064478,0.5436233611442193,2.849422193394268,0.3001835929689346,84.0570058925478,51.0456045479637,0.8173065277945986,0.5543598785741553,2.8403633238394415,0.0,0.03977949940405244,1,47001.0,0.0,0.033428462363441366,1,38400.0,191,0.10554231227651967,69.51545272962994,0.6110020874951922,47.287033381853135,118,0.12611564539290712,88.58923653449872,0.632600878877041,67.92288048203362,0.9443025817414279,0.19704383282364935,0.0261888626630421,0.95356273180026,0.16256507335541884,0.03761230624641221,0.2574626865671642,46.46705456899265,0.28,0.002567383195394679,4.716153709224756,0.01747572092993427,0.0
train_person1343_bacteria_3409.jpeg,1,train,0.22972701502198611,63.276967233777846,30.197480608603527,0.8185645809042622,0.43839795242665713,2.8580877487797873,0.13842553254923007,60.106980879043924,32.60909354533382,0.8110058152056859,0.27567341949525215,2.8639431833662874,0.0,0.06780354605179945,1,103391.0,0.3078723372538522,0.11450740127901257,1,115533.0,248,0.08328683139513254,53.05476241893656,0.5799290811111927,32.0606529311201,275,0.01860381914941192,49.28319972808846,0.5671246137355391,35.548931358653064,0.9649841483359273,0.15665395473230648,0.0193680155917183,1.2688035963673834,0.23279536595140077,-0.02689939966301169,0.08818893759542924,26.544335110622104,0.11,0.09130148247275605,7.666828835053138,0.018960816614818243,0.3078723372538522
train_person368_bacteria_1666.jpeg,1,train,0.27080771527948566,83.39286643740311,38.74732143217364,0.8000454073689673,0.5214225485718301,2.8608258209837647,0.25295165045884127,76.05754862609737,39.912691710034714,0.7995993069092484,0.4908231749075469,2.846870683813281,0.0,0.03249833116677792,1,82943.0,0.0,0.04522668127653746,1,54459.0,135,0.049634613357692446,85.65473103144916,0.5802997646457776,47.62273275477705,62,0.0425421175181482,89.61844760801384,0.6066401741630937,52.84410917633044,0.9540825026173531,0.07030705919594808,0.015782022838385867,0.9120531442876199,0.26835344923042853,0.02030617346906538,0.290355661212884,50.32350567207803,0.22,0.01785606482064439,6.4150783041520185,0.013426649725352957,0.0
train_person569_bacteria_2360.jpeg,1,train,0.262295803311149,78.1807040340258,44.06992350318003,0.8149639322261365,0.4971343710466971,2.8641106624405466,0.2704791856327071,78.12022663475098,45.77015219672695,0.8061930114436081,0.5150542083919556,2.84928058282519,0.0,0.04901820581926187,1,66943.0,0.0,0.048646859223702724,1,43985.0,83,0.16532643968978605,78.58785384751758,0.5409561568696258,55.41245258018099,101,0.14435156831912604,76.4343845740148,0.614400099551248,57.05340074097264,1.0035065832919425,0.1276097965469245,0.013848201190206966,0.903106210192764,0.09006458462355127,0.035954769333423287,0.2617240950366961,44.84915894690624,0.22,0.00818338232155813,0.6562497023201246,0.015811476806533248,0.0
train_person146_virus_296.jpeg,1,train,0.25213030312176177,77.87266910401974,40.151016116183506,0.8090297867246573,0.4624442901840059,2.856371173599953,0.2756896358124041,76.82797590059755,40.03644848805655,0.8028130770066254,0.5053261968035333,2.8553807618512943,0.0,0.05427116973007777,1,148488.0,0.0,0.0458509563199461,1,96593.0,333,0.03726395637783076,54.36103869969443,0.6169604099540916,44.68012195687976,241,0.07198412995471049,61.42583306053238,0.5819444923113981,45.565793609716636,0.9014098042504202,0.17059135039717563,0.024658610786565255,1.0400615339522175,0.09626432010625934,-0.01198055359902589,0.16281062553556128,32.96847479436717,0.21,0.02355933269064231,2.0465208350645128,0.0064618152980913945,0.0
train_person1327_bacteria_3374.jpeg,1,train,0.3054444285495829,122.24883779511389,46.77652162755788,0.9267926356589147,0.5794515615057148,2.3903098855283367,0.3051028137010127,139.76668158277386,53.53771021266945,0.9373299006987863,0.5827531068533116,2.2996875809652195,0.0,0.017689336575885083,1,140207.0,0.0,0.01528880410693747,1,123603.0,748,0.09379393353426631,78.67078147359288,0.745437054044342,45.08912762240774,541,0.07629814570651107,101.59952723909446,0.8133595252784258,58.661565155088866,1.0252158487404592,0.23421338270974332,-0.01532593655475406,1.0148347774868194,0.15964761967530042,-0.013193130448760526,0.30169471749846866,59.79874044996062,0.3,0.0003416148485702042,10.469880552080184,0.005668082970781918,0.0
train_person298_virus_618.jpeg,1,train,0.20050525196117538,68.06128534756112,36.31018284431655,0.7977269378131447,0.3936828731403921,2.8579278570741895,0.17749091133156694,69.90843310928373,41.150445306527466,0.785280333275473,0.3527687062254811,2.8418397012912333,0.0,0.07497894783495103,1,216310.0,0.11254544334216754,0.08919732166697476,1,160123.0,235,0.09820650327231899,54.0036942480372,0.559772606575075,42.805408828164964,185,0.10802678333025242,51.04292000371086,0.6059218271402749,44.37272319257779,0.9816115788281176,0.16808172419317075,0.029051296358790224,0.739079208682838,0.3280391688559828,0.09895437874158844,0.05641858323437462,23.150865283716875,0.09,0.023014340629608443,1.753574687447582,0.02866687310534144,0.11254544334216754
train_person1865_bacteria_4737.jpeg,1,train,0.21169859258363877,74.59142411818148,36.61066359239792,0.8103897782853203,0.38573380193995843,2.8751230023246053,0.021970287801259248,59.52192280250063,26.96948917917793,0.7774891774891775,0.04409655513496034,2.7838697873788507,0.0,0.10037563032684628,1,345259.0,0.890148560993704,0.4054136310893839,1,257047.0,286,0.09759774484962243,44.89725244005698,0.5721292816138743,43.09784384711582,147,0.0012402275018546347,18.415460346383075,0.5370678835409138,9.835404587512059,0.9993570077564029,0.13433811944469218,-0.016633444874643355,2.92219718512131,0.0,-0.06323091046030468,0.03263043803917767,16.423767528019866,0.05,0.1897283047823795,26.949554842303936,0.19475536278122998,0.890148560993704
train_person1506_bacteria_3933.jpeg,1,train,0.2597374340689999,72.43479867444334,39.12589636861328,0.8148998838057665,0.47884417648978617,2.8573442486945275,0.265996462009751,73.88100368609155,38.128287956337836,0.8025068200250682,0.49129819138879843,2.8452150255589186,0.0,0.05158322132813021,1,210586.0,0.0,0.04782562650276332,1,186894.0,548,0.06523440378723808,48.776247040414525,0.5710686664594861,35.34964175254193,284,0.05460350582670124,55.07075145308994,0.589331226671081,50.28746878172575,0.9508303001753137,0.08576386736907345,0.0025485347633200373,0.8799912886563447,0.15654572813910717,0.047376444526012834,0.22195872324061017,34.40154953592701,0.2,0.006259027940751116,1.517242136229747,0.03375587080319517,0.0
train_person958_bacteria_2883.jpeg,1,train,0.17768591590463068,71.92242919205349,38.83890941409982,0.8107815951496922,0.3646582320764959,2.826034270305648,0.15292092970478657,83.78136726114201,53.1149236490922,0.8013232747959436,0.31674452030183253,2.824289890679279,0.11157042047685028,0.0792016368115579,1,98444.0,0.2353953514760707,0.09615711935245948,1,89533.0,105,0.055843667794062385,54.80044117102537,0.6230930370987464,42.10840335292249,96,0.13573009058759006,63.71848337539234,0.6295244540671604,60.9702148358939,1.090012934546399,0.15639218732660082,-0.026631891811863817,0.8205174423171459,0.2429347115007196,0.07395483047089133,0.039744524280606756,22.588874335041247,0.06,0.024764986199844102,1.7153078595820617,0.016602334872055674,0.12382493099922043
train_person477_bacteria_2030.jpeg,1,train,0.28787402963036424,75.86891699553097,44.71277894952793,0.8166315789473684,0.5158096560387432,2.8714048503598812,0.28660008608482473,74.11800722242218,44.772063587105386,0.8098772418596553,0.51575414673096,2.870410527233528,0.0,0.04744825154405161,1,129029.0,0.0,0.04903092191856875,1,114139.0,457,0.05759133457849182,74.44587658034041,0.5841055522125129,53.53805437296919,585,0.033566843618806415,66.11619900379455,0.5566825660353686,45.16610517005642,1.0031027701482254,0.20431928062155502,0.0016068671073694585,1.0168674020966397,0.2303521830907677,-0.012768691456380543,0.30288527280185973,40.71024545820681,0.29,0.001273943545539502,1.3975471788667164,0.017437055877466606,0.0
train_person527_bacteria_2225.jpeg,1,train,0.2526792507517844,75.50699672467252,43.908646455160564,0.8071176622408305,0.48238107314952355,2.861235304261292,0.22843456751344773,74.8793442267418,43.950236116752734,0.7882433826057065,0.44337233499548473,2.8207591592658905,0.0,0.053700952864026666,1,102992.0,0.0,0.06412697789469551,1,78557.0,264,0.06985254157458064,69.3986714003163,0.560344648997415,53.518410667196775,145,0.09064941693823865,69.73844924585022,0.5909014152508326,50.60870499197791,0.9979250198213652,0.16004278433757682,0.004545918386273884,0.9756071236411521,0.12474949899799599,0.005120507889726872,0.22144559173947578,37.94904236973138,0.22,0.024244683238336645,3.1014793489469312,0.011091400277356694,0.0
train_person38_bacteria_191.jpeg,1,train,0.1908474167293111,73.42039626366035,41.393549751362265,0.7972184399922194,0.38419133001085837,2.8293937649372545,0.15357133577571647,75.15073652253027,41.41318452072108,0.8019626089163353,0.3189518538727362,2.8166903317649896,0.04576291635344887,0.07220350623196073,1,87129.0,0.23214332112142266,0.09617533193026216,1,65133.0,100,0.08236582491113771,56.14826865494586,0.6307895568572633,49.90614342820404,84,0.10530828591472445,65.26696874517229,0.5846906311501869,47.11091261576216,0.8053689594055699,0.19330844815282427,0.04975940933786388,0.8934777140594188,0.053384432689193566,0.02520996149730126,0.10055652321678916,27.992510971250873,0.15,0.03727608095359464,3.6064581318034854,0.04785901649860305,0.1863804047679738
train_person1427_virus_2441.jpeg,1,train,0.27554974999567466,76.42572636249226,36.88474822358661,0.8055023597986585,0.49363022428300374,2.864054929183345,0.21932958640765654,68.57088216717072,31.500820427317922,0.8013390226077937,0.4055624783483193,2.8513310203939186,0.0,0.04606192725364337,1,250912.0,0.0,0.08570187639281707,1,150884.0,476,0.08058386246590195,59.67145289003972,0.5762494872059657,44.927610757264894,193,0.11834356240596061,40.94743340438302,0.5617712644856959,30.783220535338188,0.9499678896340887,0.19485750281558403,-0.008021938980466603,0.5628486225695467,0.39477297362399133,0.12914271951217302,0.10293539509893854,28.415698673931804,0.09,0.056220163588018124,9.457531163915306,0.02088616366799287,0.0
train_person520_bacteria_2205.jpeg,1,train,0.2915661614994923,81.49809126591744,37.87288781034594,0.80061909236637,0.5409765610310353,2.8643031883144423,0.2889251587204579,79.0321266852612,37.811698116004926,0.7988005176189528,0.529245547558617,2.8629103850700948,0.0,0.03161010620866753,1,131648.0,0.0,0.03746737512672471,1,98700.0,325,0.06306979042993828,78.22871832047787,0.5580641516705951,47.525559889786585,242,0.05045261394439211,83.19055669903805,0.571545715108454,46.94236410941727,0.9271474623888917,0.16620985962443052,0.03746683754721897,0.840560518648771,0.10892869258430016,0.0560800446931273,0.32605030209357877,50.58616775083784,0.34,0.0026410027790344515,2.53269237246937,0.009193330160820273,0.0
train_person1618_bacteria_4258.jpeg,1,train,0.3054076252550142,79.80303596820092,37.896633022031814,0.8178016830051185,0.5365657207959091,2.8605720752034385,0.27257193333043717,74.1664779840954,38.130996153597735,0.7982255750942995,0.5022228014538714,2.843991666473418,0.0,0.0370293829319344,1,130708.0,0.0,0.04603443532154597,1,100333.0,403,0.06250695493204038,64.28725242618286,0.6043272747179714,41.36202985237169,197,0.06813936313480169,56.39016954656025,0.5725027547420907,37.72326919150056,0.9600875993770539,0.19388290223808638,0.004850398691894409,1.012479002072632,0.13426048176510283,-0.005182555977071623,0.24121368996261144,37.038439485617076,0.21,0.032835691924577026,5.294268800222618,0.02472675304609992,0.0
train_person755_virus_1380.jpeg,1,train,0.30892105591541785,70.17075569254777,31.826394634492647,0.8216196565032664,0.5280439246293293,2.882568785075064,0.31742351225882043,69.7746646326255,30.107429837070853,0.8279934632773313,0.5361840974880178,2.8840614288725326,0.0,0.0445372145523023,1,607593.0,0.0,0.045024553640827934,1,415937.0,1939,0.08747830427334914,68.59189199993952,0.5651401223242623,39.90454588630989,2033,0.04821219058403465,65.98905686337264,0.5813295802620432,34.75008083748972,0.9728681043944475,0.1909375327576058,0.01410515661498657,0.9552553057083283,0.315718746601625,0.017499377596496224,0.33828565779532116,45.51289511273354,0.32,0.008502456343402576,0.18071282953994228,0.007099704691115899,0.0
train_person614_bacteria_2481.jpeg,1,train,0.21652538885688422,73.2017685240091,41.16355980989824,0.8057297605473204,0.43361657476750887,2.8417412565348497,0.17424746382837186,99.84532076596801,75.60518872746323,0.8012407539966595,0.3569488330838738,2.8163821554946953,0.0,0.06192905933668011,1,76120.0,0.1287626808581468,0.07765120017739342,1,59566.0,136,0.07425314788906263,68.29534617332988,0.5690650626507797,48.584902354777924,56,0.1517545318476634,136.74650793114708,0.6615663340735439,91.80077058118968,0.9862275648844874,0.09165354330708661,-0.009166027253367681,1.0812871341295085,0.17192454026632847,-0.019933617532127412,0.16487348077306235,54.27042822049728,0.14,0.04227792502851235,5.281237126720633,0.03358500015025648,0.1287626808581468
train_person623_bacteria_2496.jpeg,1,train,0.2127806828668102,68.71291930249762,37.90388471811027,0.8230677887345759,0.4212769697236015,2.849257288069176,0.16798172124904798,69.81376399734043,38.18994843390087,0.780467899891186,0.33704493526275703,2.8188889929759644,0.0,0.06862723557586677,1,71537.0,0.16009139375476644,0.09818735719725818,1,54525.0,136,0.06670475018675573,57.52978722012442,0.6041718966761159,43.12579947882093,103,0.09693830921553694,57.37703596382702,0.6499109166429845,39.72952826741083,0.9592634955496706,0.1789461099321517,-0.005196165346823295,0.9172692116414631,0.22835480189140714,0.03623620397111843,0.11927865250823874,28.69559179177762,0.09,0.04479896161776223,4.277343378362893,0.029943253234670064,0.16009139375476644
train_person1129_virus_1857.jpeg,1,train,0.3716224230778355,105.51387790186496,47.964894929490754,0.825949569103096,0.6009418072260575,2.8829159123704127,0.37341203932306866,106.32799001079101,46.313832605440155,0.8289355051992546,0.6012142568568478,2.887080164685415,0.0,0.0155386330747515,1,52771.0,0.0,0.015419490954796427,1,55582.0,475,0.05950940621070861,98.97571795480738,0.6035658206454694,55.691451534205065,810,0.07394397809399829,105.18001882437575,0.6377863305412478,55.923701612306246,0.9748853030931468,0.19279907084785133,0.017893362822269054,0.9739050744330903,0.13546541861674466,0.013759500480722553,0.3782209092401116,66.55252065613858,0.35,0.001789616245233161,0.5915331163185868,0.006525445095965282,0.0
train_person1447_bacteria_3741.jpeg,1,train,0.22713794378103855,68.07361471486537,34.35721172631469,0.8048858148626418,0.4319964320727729,2.847069642409318,0.20672990533115182,72.25048423859072,38.9880440928556,0.8045656251429617,0.392984480361652,2.8469466127094782,0.0,0.06689863550891179,1,192131.0,0.0,0.08241675099539424,1,167628.0,295,0.0411597370662638,53.64564720619584,0.5701748317299167,38.180234767573594,122,0.09205386950641686,47.80294913595323,0.59775834952428,43.18259648757442,0.8597311914414776,0.24954566558333885,0.06035681553667244,0.7745190234067589,0.28523660300064774,0.0837296657659575,0.09571524278349014,26.853710120553774,0.12,0.02040803844988673,0.02825739640171321,0.018012219479844244,0.0
train_person713_bacteria_2614.jpeg,1,train,0.2230210907812088,76.68873083215614,43.972951109960064,0.8042925974594831,0.44194906561684916,2.872320439222581,0.1790011607825373,84.90461691030592,54.917477337839145,0.7799920917358639,0.36236233402225304,2.804356044282403,0.0,0.0542850723377651,1,79443.0,0.10499419608731997,0.08901220237252626,1,57959.0,104,0.07079429894399562,74.51266655334516,0.5994976906098801,52.06947687869247,111,0.1209620339174995,80.67704587750319,0.598863944173462,58.69309091790642,0.8704430281885425,0.060536335497301884,0.05285422678116167,0.8551480617803198,0.11644671821405732,0.043663921953400686,0.12695561752611428,31.93679976966636,0.14,0.04401992999867149,3.437639376494282,0.0013955120147616518,0.10499419608731997
train_person1077_bacteria_3017.jpeg,1,train,0.19121951219512195,70.73477262965484,35.932401618571504,0.7991538078646092,0.3826690462026571,2.8499474033670364,0.1695190335967035,71.3137884144055,35.86483148905664,0.7864472854440177,0.3506807778652439,2.8348621339583473,0.04390243902439395,0.08178465199286139,1,101919.0,0.15240483201648658,0.08966247801199258,1,85418.0,185,0.07148919294070989,58.08408970647445,0.6073466349193953,42.56998344805126,124,0.12883757543951718,59.8335368866815,0.6149160603310057,41.381821575247876,1.0296711848132152,0.10859895365184724,0.008020783129681686,1.0015800272852875,0.21888842457166735,0.001321755573062966,0.08993816750983699,27.912029604723102,0.1,0.02170047859841845,1.642529682769407,0.006205564707150113,0.10850239299209263
train_person673_virus_1263.jpeg,1,train,0.31656938248588823,75.20607973717676,36.01603919886686,0.8201140426725246,0.5466261254263118,2.873504058704374,0.30108000995974604,73.18100380954677,37.30497461149976,0.8143898278802916,0.5299777980661493,2.8712423212802998,0.0,0.03852157637363044,1,184292.0,0.0,0.045301282317300906,1,134418.0,658,0.0714354410339496,68.57980823185882,0.5898211082149919,44.64008228176053,536,0.06913204963273437,64.97708710274442,0.5718877664311496,39.23063432332722,0.9482326887496763,0.2581678741008583,0.023560092700411817,0.975886741273028,0.16566563263150946,0.01225157043019287,0.30300549391360554,41.72527614245444,0.3,0.015489372526142187,2.5729638544763276,0.014733680069117266,0.0
train_person1597_bacteria_4194.jpeg,1,train,0.18898844170962914,64.48252802834386,28.74881275409613,0.7991662175094323,0.36531681357059703,2.8639198675076796,0.18408134642356241,62.26436072382744,28.499514466558296,0.7915166066426571,0.357511167159711,2.853814715804655,0.0550577914518553,0.08320513886579078,1,389905.0,0.07959326788218934,0.08251912265607506,1,276755.0,312,0.0948257941127557,42.7897565745971,0.5591949388641907,32.20687791772017,252,0.11229919737881128,43.73245231120935,0.5623190970478995,38.03568094568708,1.0999188913059823,0.18056548866803127,-0.06163962962513608,1.0610602857161795,0.17683735430286393,-0.029607910275396054,0.1502282198848978,33.3267319922115,0.17,0.004907095286066726,1.147948246990964,0.012189084088948282,0.024535476430334047
train_person23_bacteria_105.jpeg,1,train,0.20843201949536574,75.86207272554041,46.68254232618009,0.8082695655029721,0.4076845146009885,2.8736798999121023,0.1590711547434971,71.44191633515337,41.99512738987532,0.7897158633383182,0.32620291499309223,2.8136400960313748,0.0,0.06776145558095917,1,115535.0,0.20464422628251822,0.0909997529666871,1,91876.0,152,0.1073408813986282,61.652834365903466,0.6100631382845687,53.466976411377274,165,0.03409059718016048,53.06478391832472,0.5892507454679298,43.0307508401498,1.0534060242233472,0.10239280942548282,-0.056890057087659596,0.9701550033424243,0.08897843607057286,0.009271311862994958,0.1125991373312926,31.490257834671535,0.16,0.049360864751868655,6.550589382512619,0.02577488177032361,0.20464422628251822
train_person1502_bacteria_3925.jpeg,1,train,0.3197644331284026,79.4759396867761,39.692744493513096,0.818837999676323,0.5536752985986049,2.867297754392542,0.28325421574274534,83.16950406457856,47.4430595712861,0.8114087371152093,0.5016783522354857,2.861387319220389,0.0,0.03534538077790888,1,65523.0,0.0,0.05043994676942022,1,72015.0,304,0.10604649237202178,79.87544808200454,0.6049887220259355,45.533026423471945,147,0.1454902973364848,104.29244052274211,0.5803793726877946,61.49164415763932,0.9694069101120405,0.10879392839465435,0.001957239595668736,0.9109947544007109,0.14102764329220677,0.0532128505439865,0.3262970324172435,46.89836814507408,0.39,0.03651021738565724,1.3088757094388015,0.03220989087600237,0.0
train_person114_virus_217.jpeg,1,train,0.24332936551763631,76.59630381303126,38.4402717934246,0.8056013179571664,0.4546748640920861,2.858691650052613,0.22933694886467812,75.69043264374957,38.06844102898273,0.8023395257831731,0.4283294894187808,2.8526018644052247,0.0,0.05356960244122928,1,184846.0,0.0,0.060326941820182,1,159542.0,305,0.08643293368839149,56.12906799548504,0.5455842736195509,43.25463010810917,230,0.08903567603037818,52.794503967301324,0.5964846464879456,43.701801183561166,1.0693515638180018,0.12955137131440334,-0.0606328965732576,1.0451988306891078,0.11069919974334753,-0.05864340487964756,0.14242090083976588,33.151229434241785,0.06,0.013992416652958195,1.7697089586198729,0.005258839660825326,0.0
train_person1411_bacteria_3610.jpeg,1,train,0.26955984181964765,77.9757688643234,35.700385123788664,0.8037308051493622,0.48898568920301194,2.8608248121395574,0.2135086219696696,69.71783526697811,32.838248376398774,0.7963311029245921,0.408589464221936,2.850570552907305,0.0,0.04551668318361858,1,228928.0,0.0,0.07121100851161166,1,195839.0,243,0.07918258614041852,59.556177071342084,0.5579904929584053,41.34178835292019,170,0.07513172732343723,50.21175382980812,0.577338588253721,33.92819528368555,0.9541131606826057,0.17424497325644803,0.016319192188633203,0.8102337151134701,0.32804702623026516,0.036119456643044695,0.1619468244854695,33.808206939880854,0.18,0.056051219849978046,8.631919843491325,0.004446272921802441,0.0
train_person930_bacteria_2855.jpeg,1,train,0.14966312609394106,71.95050025771413,39.551892531560206,0.8182473566164691,0.30761023329417125,2.8178322317063142,0.14211421575531696,74.20435226104883,41.36439511284009,0.8003354425554624,0.29760885816747745,2.8134076279127047,0.25168436953029905,0.09730980410962188,1,70888.0,0.289428921223419,0.09533147704742197,1,79157.0,47,0.07870381470736328,55.326400260288324,0.623784138309749,43.21999872083536,61,0.07645803313145322,53.311093575814716,0.6251771294592239,40.75142795633287,0.9963715261017421,0.21533035992117,0.015692448304942652,0.9242511935472217,0.09949137397759296,-0.0135343131188006,0.08516952296164404,30.655252204892623,0.08,0.007548910338624093,0.1025692119317938,0.019660974547238197,0.037744551693119965
train_person995_bacteria_2923.jpeg,1,train,0.22941392952433526,80.1030635515631,46.83971254096467,0.7943987701356862,0.46229337258870795,2.8489865517047446,0.21813762435936088,74.62619656542333,39.66805962974464,0.7981774207480349,0.43404243292131445,2.8411886318694646,0.0,0.04897721348176772,1,100400.0,0.0,0.05694151341573711,1,82931.0,118,0.11394792529211518,83.87893585081547,0.5985877821738992,59.47665900163968,209,0.0242689176967139,75.07719145275685,0.5255352263855703,45.369580664457345,0.9806176755221901,0.14095063985374773,0.0023720253853939666,0.9445435729642546,0.21281115167607037,-0.005541323151534716,0.26112814794164113,48.80297721341267,0.21,0.011276305164974382,4.833762126108191,0.01937338234051242,0.0
train_person401_virus_795.jpeg,1,train,0.27406779187781827,78.05345389120433,38.78505499661721,0.8157449030269843,0.49085242422973296,2.867788261684371,0.26183464990280825,71.87881527546328,37.60512322023968,0.809916441580186,0.47927126845609824,2.8656542723665677,0.0,0.04883709567086876,1,207682.0,0.0,0.051627445303776005,1,178178.0,417,0.05899331295109659,62.385000743685296,0.6022563470646813,47.363045215031306,425,0.11196079242317714,55.80511860366596,0.5908380197318464,40.79842164881295,0.9797339248650049,0.15864864864864864,0.00246896748924752,1.0262670838273458,0.07741615876542468,0.00598651247738724,0.14582460140493236,29.34850026595554,0.15,0.01223314197501002,4.135480359162436,0.005353774798721511,0.0
train_person837_bacteria_2754.jpeg,1,train,0.33753462920988164,89.68286235558001,47.112316819289696,0.8290656265897914,0.578485243949905,2.8728008717246474,0.3210942564501491,92.73772146890724,52.90678979185428,0.813615440523298,0.5664592246855957,2.866286312734488,0.0,0.02650136227304989,1,57615.0,0.0,0.028445481654349798,1,52171.0,373,0.07944684845570896,95.36923193279964,0.5903843143948262,58.68413823770026,186,0.10132244262932712,115.19678468771593,0.5791156020832483,65.5733814279541,1.0076142558061971,0.1680061937767291,-0.016641284303976767,0.9571661506874048,0.2883874849578821,0.013708437079580305,0.34269569552933354,56.45180283690902,0.43,0.016440372759732536,1.6764395808266173,0.005440412272236378,0.0
train_person555_bacteria_2325.jpeg,1,train,0.2068663374223355,73.75543738293543,41.0214721632318,0.819535361314337,0.41276352822473583,2.836024163766194,0.1785564143194386,75.24869688007502,47.38930733307515,0.8024993208367291,0.36354816803026874,2.82644952565285,0.0,0.06981838457862036,1,59672.0,0.1072179284028143,0.08383727322704783,1,50740.0,145,0.0841033402368435,64.13307296575842,0.5828176912482254,46.68767508072852,85,0.10644180706917182,70.14005051246964,0.6734494775402322,55.982723618400534,0.9093632310630045,0.12804209603157202,0.03310101356891251,1.1388173435971014,0.09866649971827458,-0.020737600355158786,0.0998541811957142,28.33972633989302,0.13,0.0283099231028969,2.3238834335877314,0.0073361981907080764,0.1072179284028143
train_person1597_bacteria_4190.jpeg,1,train,0.3235812540806981,73.899952432091,33.524500506013304,0.8187865849459404,0.5502441176667209,2.878857709540099,0.32475904703857256,72.58895154669482,32.008100916521805,0.8191080175302913,0.5516031158114706,2.877197521106527,0.0,0.038430427022076434,1,302810.0,0.0,0.0388840143868509,2,100533.5,811,0.11590185377897713,63.595655295341786,0.5604797591380781,32.775380111951236,704,0.10547343321969418,66.71902660931777,0.580545426986506,35.93884678864322,0.9869299094985646,0.18311570897126173,0.00015472537148830678,1.0219482833825253,0.20437386097370477,-0.018120608265345395,0.32884292553522204,47.2919198406493,0.31,0.0011777929578744573,0.7730997817721672,0.009841194109770468,0.0
train_person1413_bacteria_3620.jpeg,1,train,0.3367681814043158,86.34593935877909,41.58024624502605,0.8265193370165745,0.5681750703662211,2.883072907244578,0.3375241522108255,89.33740671908521,47.008976062831046,0.8277112803772216,0.569071330860005,2.886682677962071,0.0,0.02873237875434964,1,167065.0,0.0,0.028285366022430286,1,124050.0,1091,0.0815020961414371,96.2127020917287,0.5927332326495762,50.89944291203985,752,0.028572797291758708,109.56122032872078,0.5944258856166786,58.82050488660093,0.9455278422075818,0.1620326516966624,0.03476818920877672,0.989141891591599,0.20728478592249885,0.012368506059924289,0.374910966124391,70.93331453870954,0.41,0.0007559708065096871,1.6498116576109112,0.011878459616401715,0.0
train_person492_bacteria_2085.jpeg,1,train,0.2412034921474783,76.71575515036996,39.67989610332002,0.7917705321235085,0.47087071197800173,2.8553832524515474,0.23035031712089363,79.11500283286615,43.34489873305893,0.7930100457581655,0.4526257125376335,2.8513088509742373,0.0,0.04829761818866896,1,189052.0,0.0,0.05307155967748775,1,126939.0,273,0.06565012786903646,78.78291688192611,0.5738630084462637,48.166399578792614,159,0.07775065271778966,87.49872683693343,0.606208431246988,59.89668586288049,0.8268495297389512,0.07049221921515561,0.06307974443153441,0.9564897553983239,0.11557236163630114,0.01940263743978604,0.2631885990499208,43.67872033284612,0.26,0.010853175026584672,0.4565176344453121,0.011157990723812627,0.0
train_person331_bacteria_1529.jpeg,1,train,0.18355086951601343,76.70322485634324,47.01191445393713,0.7894466423470174,0.3697234901354257,2.817716920288346,0.20162900734823966,79.20429002095624,49.18729322070374,0.8028004098160706,0.4109800603991855,2.8455509124812877,0.08224565241993709,0.08285865177864121,1,86480.0,0.0,0.07030504539775913,1,81101.0,176,0.08010487004413595,65.44219622055884,0.5588990104741244,56.424772129381985,98,0.11739476868292395,72.60974326766042,0.598224969751048,58.731528259155176,0.9180424191385573,0.07179189071355907,0.006766606794108343,1.0192378414305743,0.18295493181217182,-0.002910232335692625,0.1331240423066861,30.4853237120048,0.12,0.018078137832226227,3.004251173953243,0.012206269315748058,0.08224565241993709
train_person19_bacteria_58.jpeg,1,train,0.3456815072752145,99.75038643570555,50.42049288472924,0.8193551288393218,0.5888104713344111,2.877101293721216,0.34300449953306733,100.25023310954998,52.42033719386619,0.8279190644143308,0.594362849138297,2.8814626705918585,0.0,0.021359283671185177,1,41932.0,0.0,0.02256133797436115,1,30863.0,227,0.09694067902002239,94.99247656745821,0.6277688437646386,61.75919221088438,109,0.14103489260548432,112.96146803896684,0.5732907837335195,68.50918203191208,0.9972324491133935,0.2402642559109875,0.006629302457972885,1.005549818931532,0.19372525129454768,-0.002015792178615916,0.3480527143981117,59.52337699780421,0.31,0.002677007742147186,0.32234831552588616,0.003943929056429013,0.0
train_person858_bacteria_2780.jpeg,1,train,0.19910709568341523,70.07314962104134,38.73687899833424,0.8055813542081288,0.39172434441098253,2.8603115849460394,0.19236473355835124,70.08768168091918,38.82676024107707,0.798484647082281,0.38167808802972963,2.8468945483589803,0.004464521582928205,0.07330797273735933,1,90823.0,0.03817633220824801,0.07759708158603525,1,94652.0,162,0.07765801940790053,67.95798121536447,0.5655917426146625,49.00736214190144,133,0.06835771027240803,59.486952577705694,0.5338977053082764,47.605006743464514,0.9412172362099887,0.15175122965701648,0.02772946611018623,0.9470636385524952,0.20393245017305167,0.017234326156295415,0.09654927388195586,27.10902028104109,0.13,0.006742362125063989,0.5781696872209068,0.004556241745746009,0.033711810625319805
train_person933_virus_1594.jpeg,1,train,0.3182470956819553,73.0876764052946,33.76049934505467,0.8244142249180648,0.5514759968086556,2.8755209503587755,0.30460316781736957,69.22111988388451,29.897311567956546,0.8234767811091034,0.5327950323835581,2.8762395742165814,0.0,0.038191052559886356,1,174625.0,0.0,0.04517666673791762,1,129718.0,732,0.09129580260367004,68.07231988572892,0.5936055170615846,39.77530444353844,742,0.023496783019472885,63.92118905920078,0.5855518791285127,33.108593827451635,1.0032439512282587,0.14896436634926868,-0.009654947487157228,0.907726387047179,0.16246747101963568,0.03393132250658443,0.3323951807228916,44.53970860690944,0.37,0.013643927864585736,3.662175659286092,0.005202269737492521,0.0
train_person481_bacteria_2041.jpeg,1,train,0.20220124454980315,68.80691549925095,37.21346949109319,0.801909307875895,0.3936333234559539,2.842763475145531,0.19147972389991372,68.46468601286956,39.09501450080117,0.8004111749464909,0.3797346850733391,2.8430458253302993,0.0,0.0777166320958388,1,188324.0,0.04260138050043405,0.0792116048317515,1,149799.0,267,0.07772933158362613,59.039577555378564,0.5453970316427582,45.46276412118359,242,0.044639775668679896,54.734402158366855,0.5776946242853487,45.50816882410806,1.0531489215960228,0.1988493585504563,-0.0005575147056317564,0.9206272761756331,0.17257156990045136,0.02183617508964078,0.07033133071914235,25.77543675807065,0.12,0.010721520649889432,0.5935583163464528,0.0011299610775491742,0.04260138050043405
train_person296_bacteria_1395.jpeg,1,train,0.28640390361005647,83.8610326569223,51.209026736310946,0.8100628644314869,0.5264263441491513,2.8670152041543844,0.28930921505465157,89.13871043528492,58.17157793392821,0.8062904453749524,0.5302923928305938,2.8613400778357847,0.0,0.04195206596474748,1,109164.0,0.0,0.04194543101786845,1,103057.0,362,0.05274831369786163,94.48958451396977,0.6330763300579875,63.31192403444897,292,0.04710773381790149,106.42112202480489,0.5625936830675735,71.57064741436233,0.9842130585034017,0.08735365712298597,0.010624341193478659,0.9971766271047245,0.09498212928826724,0.00770058628829462,0.2748533556791346,44.12065691648919,0.34,0.0029053114445951045,3.3036753693630843,0.009829855650765995,0.0
train_person1304_bacteria_3269.jpeg,1,train,0.17005103315370615,62.53144040734445,33.212650764371276,0.8172787688002798,0.32824786172275555,2.85618758766492,0.1041939124670811,67.1900396301886,42.76683309859675,0.8112104539202201,0.21489098693993086,2.852153567432802,0.1497448342314719,0.11331382415569276,1,139398.0,0.4790304376645961,0.14935177388822204,1,149953.0,212,0.09660016892092835,49.255337332655714,0.5489489091614831,41.48217901919494,179,0.03347127919406176,58.92135340084519,0.5595958042158803,51.12111095635169,1.0796655318588528,0.08090292083179738,-0.007836341648039008,1.496227933273615,0.1273571549917889,-0.06344097190860234,0.049482233502538074,20.82670039254901,0.04,0.06585712068662505,3.5770122427020823,0.011901198150290226,0.3292856034331242
train_person1497_bacteria_3912.jpeg,1,train,0.31561239125480894,83.32676579300684,40.77040983647881,0.8207262688468889,0.5512124502352516,2.8641892966613574,0.31587403598971725,81.13008863041125,39.01086017587191,0.8183738946709446,0.5480892821831125,2.864463456359536,0.0,0.03316309432849426,1,50917.0,0.0,0.03318420011864742,1,55168.0,226,0.03621935362796745,77.88192415293814,0.6070620276654136,51.327163503925654,176,0.029167490607079297,68.68769495444415,0.6107607410970837,49.196282876952544,1.0325820129660868,0.13927373486947645,-0.011084758430983388,1.0353000271887396,0.15007700413390612,-0.006831191545481341,0.2562911710345481,37.444204994629445,0.25,0.0002616447349083062,1.818176229644422,0.015780671748615305,0.0
train_person1296_virus_2224.jpeg,1,train,0.22958190360350209,79.80348559633308,39.379233795481404,0.801452292692835,0.4388049725453012,2.8479055138994953,0.22069846438898402,76.44883569495735,39.48792991393861,0.7978545230977973,0.4271871461591009,2.8546709615622694,0.0,0.055888673430924136,1,198050.0,0.0,0.05838316348970177,1,166406.0,218,0.06792754912894965,64.18520761824693,0.5902727902444046,47.73941548560269,142,0.09242207312166044,59.30439392350917,0.538952308074369,43.64808666969066,0.913760494566698,0.16391802878750916,0.007127011995111787,0.8660111658380669,0.1913590976688491,0.01768460422495735,0.1471510144575386,34.45118460778207,0.17,0.008883439214518063,2.1561189355241623,0.013877216022666672,0.0
train_person1473_bacteria_3836.jpeg,1,train,0.3203592814371258,87.4340733102151,43.145228956884225,0.8078824773500243,0.5651815634785475,2.8616525355380507,0.31358325551734345,91.59400146893854,48.26269852325829,0.8051712241711152,0.5632017673719453,2.851791165911866,0.0,0.029299199765606403,1,74089.0,0.0,0.028025144054478784,1,60063.0,237,0.08273361533813108,77.41716477065724,0.6220492051370435,50.30655647502803,120,0.127007083153028,89.81412673731217,0.600873071633144,62.39937465292777,1.040873937691329,0.10353991010793609,-0.017477367900727403,0.9455744100135588,0.11304153640017865,0.023338562096236193,0.30399519375187745,50.01381608763794,0.27,0.006776025919782325,2.2928964544684334,0.006750369226066283,0.0
train_person586_virus_1130.jpeg,1,train,0.24918486315581465,79.9363920357594,43.30636193511048,0.7898334655035686,0.47015512301156015,2.847472433230042,0.25845602774658966,83.48863559936449,44.91566279611422,0.7940483309296845,0.48542440372560697,2.8545530627403917,0.0,0.04898725422389092,1,189783.0,0.0,0.043151765299489525,1,162923.0,258,0.0735935184270329,60.76475617432776,0.5863591439126475,47.518425616262284,316,0.045415494270220146,65.24585120916778,0.5606043612571161,53.766632120395805,1.0341598645630592,0.13302529182879377,-0.014504642431521164,0.9489322630604686,0.175392061054493,0.024600668263075387,0.10852245292129406,31.078781210963317,0.11,0.00927116459077501,3.3323312934600153,0.006589858342962246,0.0
train_person394_bacteria_1792.jpeg,1,train,0.1403390294986983,68.27469172565465,37.73588812981044,0.8073784782760304,0.2924227298529959,2.811438679272002,0.11747749414231101,73.92468706551193,40.0060762257888,0.8010759742815904,0.25235849056603776,2.6956031529873923,0.29830485250651195,0.10180672186661968,1,87785.0,0.4126125292884495,0.13039523985694906,1,57214.0,111,0.08655822420576663,53.756269489495985,0.6772095377422709,41.9561268089805,65,0.05319706498951782,53.65516808680284,0.642891626714213,42.340982368477476,0.8920272800707152,0.1700397318102806,0.030687865644436874,0.9407389991391663,0.10247707514588543,0.041858200892483474,0.08385908358277688,26.509418526748235,0.05,0.022861535356387297,1.1100451549249826,0.005596947952692333,0.11430767678193754
train_person371_bacteria_1694.jpeg,1,train,0.15941694328185885,67.60060640214938,37.25418407499331,0.8094031021787675,0.32314427286284697,2.8400107388707867,0.1719479912799751,66.81459983156428,32.25397099374355,0.8124518904233643,0.3413422609778885,2.8647966806576965,0.20291528359070954,0.09011401356617116,1,87346.0,0.1402600436001279,0.08495017128620368,1,106312.0,151,0.07156395824313273,51.68903115142889,0.587048452148949,41.76621362867657,123,0.08822018062908751,55.438179071143324,0.546248200229786,35.343398180141314,0.922120714541208,0.08647973348139923,0.0017598633497596938,1.0061472347128337,0.11425373338065467,0.0319937587977599,0.11685458224920497,31.772371683249276,0.08,0.012531047998116246,0.9622135846230577,0.010018090760166382,0.06265523999058165
train_person1496_bacteria_3906.jpeg,1,train,0.20558237382370068,72.61551724383509,42.2497960545172,0.7990634993147556,0.3919260316685137,2.8425808302036253,0.214070015874721,72.53426873790264,43.61908051980413,0.7840256481739615,0.413423091154319,2.8490697992701453,0.0,0.07800202858806514,1,169063.0,0.0,0.0706305725641852,1,131637.0,256,0.09035669340145382,46.60780383151866,0.5868524683452142,34.15624814717271,291,0.03784270896742698,54.7986787551789,0.562148707838323,46.98103585167648,1.0297267592532535,0.15921736472026904,-0.0498114070604464,0.9360981234803377,0.1126057713169885,0.010837253424389653,0.1538490551804775,29.490554844472904,0.11,0.008487642051020317,0.9778046178361421,0.04142010430286128,0.0
train_person58_bacteria_272.jpeg,1,train,0.22962145624616,69.2682137179476,35.39415513856107,0.8200731720635615,0.45056612290446757,2.8668061439760772,0.18529991551675584,65.53968890600103,32.4210300617155,0.8016717325227963,0.36565756125035204,2.8368333197773583,0.0,0.06355873760234725,1,61348.0,0.07350042241622734,0.0882145874401577,1,57799.0,155,0.11415244567602473,67.30905435357464,0.5968192464042384,42.191373731521765,119,0.04914108701774148,57.09054373281987,0.6626790190833204,34.49478557697091,0.8875631380096389,0.13630767924608397,0.049969540211983604,0.710563838631054,0.15620452606753976,0.1058771740922741,0.10559278511930857,27.397005046285027,0.15,0.04432154072940417,5.729361510057188,0.017528250760904113,0.07350042241622734
train_person420_bacteria_1850.jpeg,1,train,0.17678838928317084,81.65137796994112,49.93663453250421,0.7806176783812566,0.36172981999459736,2.8057478880020263,0.144975980995028,77.98026714114981,46.07358410599476,0.8140226218097448,0.30134653590236826,2.781473089108606,0.11605805358414945,0.08000785835318386,1,100529.0,0.2751200950248638,0.12311185393081266,1,81270.0,115,0.06396372060280117,89.65521371036085,0.6373131082303753,59.59161507174582,121,0.0956240211072919,72.11327425539618,0.5465121200188918,50.206284150244905,0.9693522759293525,0.21418410425844348,-0.013739543029668733,0.9046709735000238,0.17812634911498057,0.01426122348660075,0.1243844790230451,34.55310201550261,0.12,0.03181240828814283,6.513330280702931,0.006159952734875684,0.15906204144071434
train_person266_bacteria_1249.jpeg,1,train,0.23594251590707735,75.4791322865863,45.08537556243008,0.8075685165317468,0.45436135817100254,2.842207624037129,0.26411602900725184,72.72269887719419,38.91836504889981,0.8100738496496875,0.49554888722180546,2.8625435440414826,0.0,0.05673620140143365,1,66326.0,0.0,0.05163790947736934,1,58715.0,160,0.13511523282438356,58.60431104946917,0.6420928842830474,49.35152072499456,149,0.1115778944736184,70.12864437845471,0.5523942581469692,49.47791291238909,0.9402444849530678,0.0904788945674806,0.0385486278393222,0.9319696923720929,0.16154631520326712,0.03015332497941814,0.17937937937937937,32.145845065844696,0.16,0.02817351310017449,0.4767604024706529,0.019112919172826898,0.0
train_person891_virus_1541.jpeg,1,train,0.31637882281289426,83.2188280892745,41.87709170979468,0.8167367928938757,0.5504328533518945,2.8646742895980877,0.3044246950931266,80.00621035536311,40.022540933278364,0.811546942451629,0.5399735274652548,2.863132020124282,0.0,0.033427589507112714,1,78391.0,0.0,0.03781790677885979,1,73421.0,303,0.043459346587201464,71.19494207825775,0.5787586350765379,50.8514449567161,204,0.089817528599792,66.40371812530176,0.6046253521234193,43.866973762423186,0.9568848374238055,0.10971734865858039,0.00247205774664655,0.9602372221833484,0.11585307680076323,0.014609329290926287,0.30656477633284174,45.51800579423913,0.17,0.011954127719767671,2.89297589139089,0.018517643263958466,0.0
train_person41_bacteria_211.jpeg,1,train,0.23588846093790664,72.09060431105338,34.86147691900268,0.7969771354497063,0.45722948003955655,2.8568292871143632,0.2665520965649348,73.96601342412234,37.55158032687225,0.8023495833439515,0.49673611063939627,2.855969349034693,0.0,0.049718940300837976,1,117284.0,0.0,0.043432484020187886,1,107755.0,113,0.16408811742049653,72.92288965155117,0.5748249193916628,46.705401236318416,204,0.04193129869512353,79.54037808874402,0.5695719957524947,49.466036676181865,0.8836513099166191,0.09749152861445783,0.05789032624597265,0.7954517399144231,0.03674403219582116,0.06529460707185242,0.2981110637693509,46.65197179807561,0.31,0.030663635627028146,2.4859303724498076,0.018793147192737586,0.0
train_person22_bacteria_74.jpeg,1,train,0.23833123793273764,73.0137898019433,42.395825465797905,0.811859736711961,0.4534652687351264,2.859211619557012,0.1911365882031409,69.95646095198867,38.35850671777172,0.8027864344637947,0.3713130435391979,2.84078277094878,0.0,0.058579542903327196,1,135524.0,0.04431705898429905,0.083280191171627,1,115334.0,266,0.11968479188181941,77.09284418288787,0.5921010245563401,53.96375735076189,298,0.03222867714560018,58.823501864438626,0.587941990575718,39.68369479050443,1.0463762067492404,0.07007354395554996,-0.024001288410509414,0.8265648787001205,0.20975278669694833,0.07846058568450334,0.11766860252184377,30.061853732677765,0.16,0.04719464972959675,6.158964262224792,0.022237028861202157,0.04431705898429905
train_person1723_bacteria_4548.jpeg,1,train,0.2872630780894617,89.92485004201008,55.08169602728182,0.806281340723146,0.5386656557998484,2.866313901455071,0.16063460585027267,66.18685308440105,32.44748371326551,0.8066778900112234,0.33911750123946455,2.697197800199503,0.0,0.03438210765731615,1,18756.0,0.19682697074865485,0.1116870239329337,1,18607.0,40,0.0803639120545868,95.06998803383253,0.6254786778357215,66.90435485105856,92,0.045161581106053096,56.32243577824809,0.5793792475939643,33.114459518533494,0.820076100641768,0.2335123227316536,0.0691149095459481,0.775005814511276,0.2707246376811594,0.05813296152285194,0.20665854648802273,37.219472032955075,0.29,0.12662847223918905,25.664945878835972,0.00457578635905917,0.19682697074865485
train_person1426_virus_2439.jpeg,1,train,0.3356309650053022,94.17993909190882,44.4397044869521,0.8189178515007899,0.5844644750795334,2.8635177445714497,0.3238133132911859,90.49685887576972,44.29557426204177,0.8152277795476266,0.5674727736268919,2.8605846102326984,0.0,0.023197242841993638,1,49959.0,0.0,0.028869534462177816,1,45709.0,200,0.07085100742311772,92.26582777546594,0.629264774201366,54.55970835575165,125,0.07953490428400901,90.47131221288447,0.6083592672436781,58.48763007530765,1.002305072435665,0.21077190762416956,-0.0007979262837938816,0.94775712002399,0.10843809819442289,0.014541546577221676,0.34189015429831005,57.60268892767483,0.33,0.011817651714116306,3.774070922389292,0.017200195389371564,0.0
train_person1294_bacteria_3257.jpeg,1,train,0.17147842639593908,81.52907688412355,55.95296831571317,0.8181171280153704,0.35637934400624754,2.8132777796343773,0.19317962702806932,80.89784700471874,49.189264015246174,0.7997290745757878,0.38901743657548965,2.8393186009054343,0.14260786802030978,0.08736821554080437,1,67834.0,0.03410186485966016,0.07296917610114867,1,58528.0,133,0.04131686841077704,65.8666424864286,0.6320548260932513,64.2989485329879,100,0.045450789190975956,70.44888328979926,0.6442316721487873,60.675607186066195,0.8500950844010915,0.14449463098687573,0.06011397821393161,0.8265465321475719,0.13598460551635663,0.08890069504670925,0.08716863828684915,26.770874441603738,0.09,0.02170120063213024,2.1966396278492155,0.03192721947481747,0.10850600316064962
train_person33_bacteria_169.jpeg,1,train,0.28061361943550817,72.19117896989879,32.34402485123249,0.8082114418026769,0.5222104245574555,2.8638768662614473,0.3021893842048038,75.0243387965194,35.532443962055304,0.8099599313108186,0.5429310401634213,2.865152577365079,0.0,0.04011029936134134,1,90648.0,0.0,0.03532008830022075,1,84476.0,164,0.04355715440325827,73.76694976618154,0.5475094723201387,43.50553249788341,328,0.029059998023129387,81.86782195800554,0.574796291020241,47.362825018643726,0.9702897532805472,0.23911799761620978,0.009080122853038552,0.925263620668958,0.10513065646908859,0.021953923328785485,0.33790131437190263,49.882835773045606,0.35,0.021575764769295624,2.4638001035812422,0.02364529097868387,0.0
train_person326_virus_668.jpeg,1,train,0.30334247078310866,68.73094789203279,29.69034159450193,0.8233085292216277,0.5269346150797127,2.8721158504749096,0.30717869700920547,73.14861925259508,40.24255737733947,0.8219292604501608,0.537226897396389,2.874024262058259,0.0,0.0473395000688438,1,166582.0,0.0,0.04412113310418395,1,139910.0,632,0.05409453714018684,56.810368632595406,0.5296941803056935,30.857675317347336,451,0.10066275532377228,78.6718461518231,0.5724274117453912,55.83049357915873,1.0125863130575652,0.14512598318211326,0.00439217024315558,0.9127851900380582,0.10604835336437914,0.03477278415822366,0.2580494196929989,37.81799247479197,0.24,0.003836226226096806,3.489171470457755,0.012216610685573365,0.0
train_person1191_virus_2032.jpeg,1,train,0.27901799868505806,76.95728882444907,39.16672632138871,0.8102221212157459,0.5137451482313363,2.860835112010515,0.2620751410728484,75.51643706189361,38.67935312185013,0.7950957290132548,0.49268196660568303,2.8563412959537575,0.0,0.041323886220810124,1,215625.0,0.0,0.048960576796893696,1,190911.0,403,0.05861503906445552,76.58594334721866,0.5866336176706872,49.27526715431239,342,0.05883760604586894,76.31605498501787,0.5807533674911175,52.23870368138161,1.007525629362044,0.27330764581444544,-0.0027092597819474706,0.9315104813261722,0.15172523285351397,0.007147247039967886,0.3188595968030538,47.75012860352648,0.22,0.01694285761220965,2.1370969357457454,0.009011103376455276,0.0
train_person598_virus_1154.jpeg,1,train,0.31803075621619986,75.76011738799906,34.36595652103118,0.8326129292737378,0.5563461131756247,2.874522827558228,0.31612552781535685,76.57296621575867,38.320148578134294,0.8189009563948776,0.5572602795884065,2.870902152997759,0.0,0.03695730988851627,1,90039.0,0.0,0.03628090025827081,1,66502.0,328,0.09086377231940541,69.04368585304893,0.5885671694881012,39.19801406084213,342,0.03232484729225597,71.0838057911425,0.6019098888288034,44.929531779518555,0.9852097103283278,0.1477478702193221,0.008161072881891385,1.011748291658143,0.1405472156832478,-0.010141951355622403,0.31618531889290014,43.80202397466916,0.3,0.0019052284008430065,0.5635000094544296,0.018177358221731305,0.0
train_person1108_bacteria_3049.jpeg,1,train,0.14504300687454233,76.92215116533579,43.19096187704717,0.780950945671012,0.3101741040689859,2.836874109709675,0.13868837352173247,74.93356900082557,41.9575914913274,0.7867995570321151,0.29577637843649207,2.8515038360372262,0.2747849656272904,0.07557624840158694,1,156421.0,0.3065581323913398,0.0852526493626171,1,140155.0,131,0.1280424494792179,77.88746153455953,0.5735510674848436,54.3216336044872,101,0.07282445092919675,54.719430166519714,0.5889542986580409,46.330335153462414,0.7999969811085214,0.12506293424629947,0.04872063412425365,1.0011094594361036,0.05840097023976117,-0.006126726995634463,0.09707079994745829,30.296396857270874,0.04,0.006354633352809863,2.107455854448922,0.018017968221871322,0.0317731667640494
train_person799_bacteria_2705.jpeg,1,train,0.22418597877819038,64.39990854212887,32.64736306742345,0.8165820243297508,0.4365298435834806,2.858971241181864,0.21890379162932821,71.6364981490726,44.822513470034465,0.8015904972820616,0.4244538790380632,2.859168852891581,0.0,0.06530042165604252,1,117073.0,0.0,0.06845058835627507,1,106156.0,162,0.05652971119539819,60.658416271032024,0.5997171856007031,39.65613750798691,231,0.05170336854166973,86.13399802714335,0.5730064093680775,54.686713322114215,0.8783349667678044,0.20848591993938628,0.05358398221325639,0.9706770160285285,0.18628636913478067,0.006560692443921906,0.17800070737275328,32.08338755301319,0.13,0.005282187148862166,2.4514717118614016,0.028358461562734333,0.0
train_person1238_virus_2098.jpeg,1,train,0.33140609666106247,104.03156120842117,51.78184334937018,0.8510662718361912,0.5517805384597829,2.8548368014848324,0.33209719049455605,96.9783573762122,47.0462374656999,0.8506640462152344,0.5578366511407126,2.8201546875823595,0.0,0.025401486508075374,1,87388.0,0.0,0.028134611010571492,1,67088.0,508,0.06392593325167936,78.39208905050367,0.6579900900489124,58.48542841537515,286,0.12535477299472908,72.69245171933377,0.6616578072704568,48.855280024524305,0.9774921832647169,0.14132827324478178,0.004496530810986499,1.02393965049318,0.1215594628681653,-0.029594468512428307,0.2735437683045884,39.52378071963682,0.29,0.0006910938334935834,4.731326645496736,0.006030750993464534,0.0
train_person1314_virus_2266.jpeg,1,train,0.25910089719893065,78.23880602782899,43.87949834691169,0.812473210458637,0.4866530751473516,2.843589779119678,0.2102908530784216,78.30656992445276,41.264262641296575,0.7922658480099101,0.40600507407239617,2.7954902566414255,0.0,0.05467281193726747,1,93305.0,0.0,0.07631495492230327,1,69692.0,200,0.0774240633354223,67.45842361952374,0.628688481230451,51.416092412581385,100,0.12303492955194129,60.878944741061105,0.6435385187656981,41.65565243770391,0.9394580638063381,0.19804420416600413,0.014596061147525013,0.981262816250383,0.13383484954513647,0.02091639179122745,0.13926198904136158,34.25057957090522,0.15,0.048810044120509044,5.004995190764845,0.012522149292255202,0.0
test_NORMAL2-IM-0285-0001.jpeg,0,test,0.29045673938939287,81.75343348977658,39.66508050358026,0.8039677584151672,0.5289331481260124,2.8591820425805503,0.289111994931719,86.17118647264765,43.60065598462954,0.7985360805916547,0.5328118400675771,2.8642513785673582,0.0,0.045105127137681306,1,171769.0,0.0,0.040295473743488665,1,161365.0,349,0.05096636178903677,86.12464467745231,0.5910696106075293,52.73481509824724,321,0.13004628326059411,98.04137738288955,0.5423962712662524,58.61754159727934,0.9001438106484053,0.07966197453990312,0.05388636118118073,0.9099458216860256,0.0941554769176079,0.047784984999033,0.32360550227158,55.978700016500284,0.28,0.001344744457673852,3.5287608743904855,0.0015632216013000133,0.0
test_IM-0065-0001.jpeg,0,test,0.2265700230660705,66.98570358325024,30.786465025089683,0.8029783869267264,0.4400319491202795,2.869343485500789,0.22760581673936128,65.14759979652969,30.451705021038745,0.7982263350684403,0.44253468717912714,2.871375864096822,0.0,0.055422019512850564,1,206957.0,0.0,0.05759256496441328,1,175821.0,290,0.046468054612094384,63.99248017682573,0.5401890241349694,39.827512464419044,241,0.10245991557478477,62.80793823530915,0.5662261826558234,38.40292973293264,0.845245794146899,0.14478091693452885,0.057949778623689385,0.8526900930122764,0.10615183246073298,0.04464119253489604,0.19362680336098928,32.808014533817875,0.2,0.0010357936732907913,0.9865064605034064,0.003223110781194194,0.0
test_NORMAL2-IM-0340-0001.jpeg,0,test,0.28206689909130367,73.4713896686782,35.20163657902941,0.8125884192499566,0.5251886699990199,2.8458641840515715,0.2693081105235719,73.66516620947652,37.710817541858354,0.8058628318584071,0.5051388992328889,2.846433403476268,0.0,0.039239159350891194,1,102380.0,0.0,0.042796231473895885,1,78362.0,200,0.10153876310888954,71.68581636799208,0.5797030301084803,46.430381085166644,145,0.07028748044983987,83.85028340708477,0.6377744258632896,50.408400580781624,0.9546022906943783,0.13162902941003354,0.02418511447956795,0.8603273295940265,0.12566152460308525,0.04895459736411156,0.29329363391464625,47.93942689233741,0.27,0.012758788567731771,0.9641984879325847,0.01009604169304329,0.0
test_NORMAL2-IM-0305-0001.jpeg,0,test,0.23027683228286333,68.33385538504612,31.87905144304606,0.7992333977788768,0.4469307725160806,2.85420294656352,0.21333615312978854,67.19503142180284,31.530546983068103,0.7923268230751839,0.4176378268273951,2.852337225885249,0.0,0.05468052337996816,1,297083.0,0.0,0.05914152038972555,1,211837.0,434,0.057527793236439875,62.6785243129755,0.5454293935172567,39.89553163299286,289,0.033611231694512154,61.95178284194792,0.5589376611863375,40.5441638672577,0.8031293452238972,0.13773622335883526,0.07440055683926602,0.7823823043760999,0.11140525361258995,0.0765782447875335,0.21293017594334404,36.7189850032214,0.35,0.01694067915307479,1.8715445571086065,0.0033260505977532884,0.0
test_NORMAL2-IM-0131-0001.jpeg,0,test,0.09516810305906433,70.28236257936223,36.71209104601051,0.782536503083654,0.20920077053506034,2.8171625236688804,0.08642475130302246,74.80883636884357,39.70866830926176,0.7693185844191631,0.19151708558442088,2.8150361910456434,0.524159484704679,0.10604890088390806,1,360697.0,0.5678762434848884,0.11428833879945022,1,268525.0,226,0.10732309297589068,49.69506895394715,0.545266210427446,42.993484841600974,138,0.036127403617163156,51.13840701441369,0.5727767850564621,44.32617258852848,0.8939075145519422,0.15722142707814032,0.0074675108477582075,0.8277066908273293,0.1416171834909464,0.02166370804535188,0.04116926594267984,24.418433790238286,0.07,0.008743351756041864,0.18836748628545763,0.00983176139366923,0.04371675878020942
test_NORMAL2-IM-0276-0001.jpeg,0,test,0.2492078712114237,70.248349398649,32.829322456270404,0.7996071258008416,0.4698744046402691,2.863693202722585,0.2530146795001794,69.68471458740703,31.84216590666028,0.7978543683334361,0.4778871503673775,2.860425849660851,0.0,0.05218281726133401,1,333982.0,0.0,0.05383835389919348,1,239073.0,498,0.058580478263896216,66.03353819213555,0.558254810584729,43.82039724038606,384,0.05730777030716191,67.40492294082533,0.5566155641690405,40.51548898386474,0.7944333747798403,0.14655957360180627,0.08125476561631645,0.8300058304588238,0.2079973754274394,0.0580707952801226,0.24825877967431823,39.22047596848804,0.18,0.0038068082887557086,0.155261992100435,0.00021257199117047376,0.0
test_IM-0022-0001.jpeg,0,test,0.3567157904570614,80.07445877480352,30.621772135236334,0.8281991684944512,0.5853691290842422,2.8833964918347443,0.34178856546087905,79.19427093887802,31.240891693442258,0.8216922319744073,0.5729325100053969,2.8725239018757938,0.0,0.027518275451339422,1,109743.0,0.0,0.030405192292865504,1,93589.0,521,0.11484340332111077,81.82663045518433,0.5708661207731286,37.10011113391292,363,0.12841953277775053,87.53930989943416,0.6060355431149592,38.6491076353222,0.980429156472693,0.18061519244281365,0.012764116405036718,0.9575281545137859,0.1768784018001034,0.02711243968162652,0.35922175265130374,56.04261149757771,0.44,0.014927224996182376,1.3946609819976956,0.00919511206925433,0.0
test_NORMAL2-IM-0105-0001.jpeg,0,test,0.0723678081187211,65.04883589903098,29.002954162095314,0.7914802493212497,0.1578563344085853,2.85033754668309,0.05579582998351007,65.81190015795883,30.59568022894147,0.7795750946571308,0.12318860140721918,2.8332236266917845,0.6381609594063946,0.16368151264612527,1,1005604.0,0.7210208500824498,0.16992611805853047,1,804464.0,339,0.10323064477297486,33.525852397651555,0.5283703879983823,33.18151655809575,206,0.07364838298896172,35.66282808634419,0.5390885545650269,35.55575720762834,0.923138381510061,0.18302628214617342,-0.012800718071655802,0.8536686616345143,0.16248911482972064,0.0015414960005953396,0.006899947248109724,17.883557959715393,0.02,0.016571978135211024,1.6345916144283414,0.007190971418544662,0.08285989067605515
test_NORMAL2-IM-0102-0001.jpeg,0,test,0.11941355071130796,59.7484934607823,26.474904177523857,0.7912956183849555,0.24766393772980838,2.857388729651347,0.11228217467441556,59.10181253285929,26.36216165598184,0.7909170183123014,0.23449506840311696,2.843110722846513,0.4029322464434605,0.11105622464227916,1,851873.0,0.4385891266279225,0.11019676868987435,1,788586.0,639,0.061414513865493243,43.863592168417185,0.5572542924111873,28.45311791043663,545,0.050486407159481224,46.64621861437113,0.5479357749015906,29.815801631042724,0.8473655380297967,0.15489674621164795,0.013502023665339077,0.9642638466439415,0.1875973484985692,-0.010254922823623933,0.08440596120223129,26.461805549928084,0.06,0.007131376036892401,0.5541061799635187,0.008646861717140492,0.035656880184462
test_NORMAL2-IM-0195-0001.jpeg,0,test,0.2786555537321094,79.76691251452971,39.90920490638394,0.80815738362258,0.5000436463181712,2.864569234625911,0.2626198083067093,76.82881575228447,40.82957682966373,0.8033953496880888,0.48112133368565185,2.848117297112113,0.0,0.04595084377062288,1,206236.0,0.0,0.049052343318359795,1,153271.0,429,0.06115372931600982,60.52656167525004,0.6025622230836726,45.433270627434034,309,0.062168200052847775,54.22228619224338,0.5492989833146992,44.92541880156917,0.9619703102318131,0.19544926810389965,0.011993818003559364,0.9588655053059604,0.18895844201008521,0.010119081220352821,0.17038850624192853,31.889321602858967,0.21,0.016035745425400094,2.5179720524540627,0.0013876548282423795,0.0
test_NORMAL2-IM-0237-0001.jpeg,0,test,0.2752756465470998,79.34751214907756,38.16912958642177,0.8133936127566701,0.48416622475347376,2.871549559051552,0.2503228931223765,75.58930369847668,38.893073857853516,0.799935504675911,0.45512189215369714,2.851570648194716,0.0,0.05232763086505657,1,236078.0,0.0,0.057006780755569905,1,185536.0,649,0.07025040385246127,58.08999535010664,0.5610325060225441,43.547637207470274,292,0.050270422989990314,50.52341495950455,0.5746292978612357,40.368663551333874,0.9005346082352217,0.2067035464163314,0.020394148741928658,0.9812583622896592,0.19883683533447685,-0.013900549256108202,0.14753601213040182,31.673624797702495,0.18,0.024952753424723306,3.77955602209569,0.006361410371816673,0.0
test_IM-0105-0001.jpeg,0,test,0.20469359503559154,61.95582996844652,27.028936951101127,0.8027790780753407,0.3975006492966163,2.8657119321467452,0.20150641883798598,62.347500156467376,27.969666590258853,0.798052379453827,0.3889632625452701,2.858856810180835,0.0,0.06916837080762413,1,315064.0,0.0,0.07547595225680989,1,226459.0,386,0.11484859411522935,54.774239431541965,0.5843232026885806,33.183358219894146,278,0.08637247579724645,58.11544005240341,0.5326127625740429,35.33421489030697,0.7679174543125473,0.14785235454771167,0.08004972052522108,0.6396242738105575,0.138234782471178,0.09461945892000811,0.2302854986794114,35.90677853340802,0.24,0.003187176197605557,0.445440486690849,0.00586402762769056,0.0
test_NORMAL2-IM-0249-0001.jpeg,0,test,0.2381445369841,71.13824957406466,33.59203670285931,0.8025564495198546,0.4664101652837225,2.846514924246139,0.2370837083708371,71.48986722903237,37.33751310068851,0.7799073128583772,0.45943697818057666,2.839764783280858,0.0,0.04945120035436336,1,147771.0,0.0,0.0556566001427729,1,122763.0,167,0.04255965717405524,69.20370471570776,0.5714943069803105,43.59217714975545,97,0.12624227940035382,73.12271593611308,0.6060219358736825,51.66598753064747,0.9208891146679342,0.1448369404965501,0.026408690103616628,0.9310542402955989,0.07050740245930692,0.022486197882175485,0.24234561494551116,43.06367127557,0.28,0.0010608286132629263,0.4464415793128822,0.0068155980263495675,0.0
test_NORMAL2-IM-0364-0001.jpeg,0,test,0.27466692411662486,75.63012483137963,38.429612836372854,0.8057912796049879,0.5146516610119622,2.8524121951578767,0.24804479024711165,77.76940437870368,42.447225957561976,0.8048661668786706,0.47686978470874924,2.842189931684097,0.0,0.042584981472797656,1,157551.0,0.0,0.05073811266036077,1,111782.0,292,0.08440221039178367,82.249743681843,0.5856682939185874,53.13576562563207,175,0.07453628802169696,89.71486361330034,0.5925591120269792,56.552344224846145,0.9678207245944315,0.14005126244388744,0.015392387618394565,0.8280383643279866,0.16428365523205535,0.05589779910425316,0.2969988884772138,46.93805730651314,0.28,0.026622133869513204,0.5343069001555776,0.01085817265919764,0.0
test_IM-0005-0001.jpeg,0,test,0.350058282538707,82.2153914482452,33.861279950573795,0.823098007259797,0.572022047525877,2.8823913992180135,0.351870635333824,79.8290968385518,32.53251963611041,0.8240966314205176,0.5730930111484122,2.884997073839522,0.0,0.02789004243798647,1,499818.0,0.0,0.02892423508009742,1,431866.0,2051,0.08344581409490913,83.93202621525914,0.6073349952935241,41.81788891541172,1900,0.04599542813373307,74.8942177015826,0.6080033110692525,37.43362847109134,0.9791758494273393,0.16887849856744222,0.0054813152726412295,0.9980270157108463,0.22141054059136261,-0.007237890333817221,0.33987293519695044,46.51294832609908,0.29,0.0018123527951169893,1.6566993135236316,0.0014304046136514592,0.0
test_NORMAL2-IM-0319-0001.jpeg,0,test,0.24618109880632935,69.76934009088556,35.13552864833341,0.7968306192009089,0.46639687437177146,2.855254120514177,0.2267689790766139,69.35373803607558,36.56163882871575,0.7860033325398714,0.437277593000901,2.8434808824721975,0.0,0.05391184259979547,1,258493.0,0.0,0.06098052161059,1,186080.0,389,0.07555932371287806,67.55572396637594,0.5698758065791171,45.572876668595214,234,0.0467672351150807,64.82884241992328,0.570450962911578,47.81444308538148,0.8711426736226279,0.15173160603230743,0.03173186702675945,0.879973102659892,0.18432500449397807,0.02537901073526977,0.2314130728259002,38.78964179299285,0.26,0.01941211972971546,1.5853822129756452,0.009483241936226877,0.0
test_IM-0037-0001.jpeg,0,test,0.35702474198894424,85.96660445626495,34.18055089070766,0.8223271970857521,0.5807361500835952,2.882661105425895,0.3522640167392911,84.52027566503057,34.79822469807467,0.8164578881679115,0.5793125197098707,2.8807434982764266,0.0,0.02440358380191775,1,350662.0,0.0,0.02499614434646097,1,280547.0,1432,0.05969283788381546,84.20453646641813,0.5838331502893251,40.959810927223685,1275,0.10320030753153003,86.91557494615083,0.5712443781562068,43.679444165946784,0.977296940616597,0.20483845296832723,0.010098440466277614,0.9824403978360087,0.18938049423462133,0.0014107709930448187,0.33782854523227385,51.97694382890344,0.37,0.004760725249653153,1.1636020368095146,0.002185023637064909,0.0
test_NORMAL2-IM-0373-0001.jpeg,0,test,0.2877547772755229,74.35806478084422,34.051398900819095,0.8028398475450266,0.528263665179973,2.8614970648941753,0.30416365385819777,78.8282978762853,37.46695731524594,0.7933474346255358,0.5473784296198453,2.852556512686029,0.0,0.03919881982047852,1,165354.0,0.0,0.033921851069523286,1,121978.0,394,0.04025685248186076,73.43302538853216,0.5815042840483196,41.075261331208054,340,0.04578709739864153,85.87684860820781,0.6058213130048709,47.81813758048437,0.9428064360310289,0.1444635347215099,0.0211548607627281,0.9083670869238135,0.11441514693924962,0.032509155931205236,0.31595593848838477,46.01870721154275,0.37,0.01640887658267487,3.5077925647506945,0.004460355912401098,0.0
test_NORMAL2-IM-0241-0001.jpeg,0,test,0.184306332076453,68.71053564396021,35.00229653904772,0.808641975308642,0.36768083907597626,2.834832897414998,0.159987228885938,69.717740801101,37.939385561797806,0.7966708998548622,0.3229422905283323,2.8243936870507462,0.07846833961773758,0.07869046071165431,1,150496.0,0.20006385557031292,0.09663960061243297,1,115689.0,138,0.06078533350669614,48.85743787189808,0.5938790957300982,38.207508105847026,90,0.08468845012372017,46.573705411939976,0.5584012574706944,38.73951802520312,0.9013989564541368,0.2934748442209197,0.011138075742131215,1.1257583059175822,0.1744385026737968,-0.02893645969397135,0.07206626158389626,26.020130260880066,0.13,0.024319103190515,2.3102479874772186,0.0010491572390404769,0.12159551595257534
test_NORMAL2-IM-0329-0001.jpeg,0,test,0.3632499547886702,97.47672438223324,40.812316422209285,0.8273074472640678,0.5783863285997387,2.8858997004030487,0.3579554763580304,91.58203292744433,38.7341047172691,0.8253953723561925,0.5736003857238485,2.885729640853145,0.0,0.021640734965493954,1,502024.0,0.0,0.024666353552107827,1,410310.0,2780,0.0798210769528449,86.20008625694777,0.6215491095470667,47.870124246345846,1766,0.09974363095340262,76.47565637462517,0.6355098806369609,43.21666900191169,0.9907279886910689,0.18293497436653325,0.0007360470441735156,1.012539157907976,0.21074964639321075,-0.009118848613666242,0.3555625690389774,50.55059505267111,0.3,0.0052944784306398485,4.573072406350811,0.0078108869533693726,0.0
test_person145_bacteria_696.jpeg,1,test,0.1632811529382532,73.6318309411818,39.40506990233803,0.7991249762221799,0.3370294446515095,2.8065735425192533,0.13798111837327523,73.69630175698761,40.22568258455409,0.7830322073841319,0.29041069163984,2.776735449776394,0.1835942353087382,0.08058972129042945,1,80796.0,0.31009440813362743,0.1204326949132334,1,79492.0,120,0.06643682445024227,60.668486933379114,0.604019144839933,44.23834756512261,72,0.09128648695520221,69.10725394512299,0.6350346537169719,46.563661002832156,0.8381136953630854,0.1255041774704696,0.028048565387673946,0.952160967027351,0.06635031978543429,0.024564290707174224,0.0646433585132696,24.276174139826125,0.09,0.02530003456497798,3.9212346849463913,0.014007264515346535,0.12650017282488923
test_person78_bacteria_384.jpeg,1,test,0.19798635635789336,80.93123843152672,44.835550654690074,0.7971415909594505,0.4091557173879664,2.8105049380173046,0.18926649158844483,81.0081259948442,47.94922264211672,0.7917296331913725,0.3959541329727762,2.767751695790355,0.010068218210544266,0.05845708394568865,1,36483.0,0.05366754205778812,0.073324839439403,1,31166.0,68,0.09403584197942486,72.02276922035318,0.6708778011460578,53.39101343421048,46,0.12327413609298214,76.0822238250322,0.6233217545611764,54.980462209482866,1.0995622666144476,0.16037915897957886,-0.028927156809123195,0.864993784842091,0.11747156442289763,0.039272814702007414,0.1401543440378392,33.50231542811081,0.09,0.008719864769448527,1.9034011267116782,0.007518054944834374,0.043599323847243854
test_person1612_virus_2798.jpeg,1,test,0.2616489445385306,74.2899163522675,35.89034025292733,0.8133908676122096,0.47864552967415347,2.8561636142770785,0.26450537645204364,76.17074648461004,37.65043029406929,0.8115391914974378,0.48951315749841867,2.8430993098920756,0.0,0.05113042190695651,1,79714.0,0.0,0.04770032429393279,1,73151.0,163,0.05498949628436844,55.36724207570734,0.5756344951126693,41.977509378580486,91,0.06201744962399976,61.928873984261216,0.5608052599309357,45.41161362435985,0.9094917304211741,0.15229787522910868,0.020309388461906358,1.011086332450331,0.10976515181118363,-0.010705959435622692,0.13986748545572075,31.026126741566298,0.13,0.0028564319135130356,2.0458231325401997,0.012728667576491381,0.0
test_person120_bacteria_571.jpeg,1,test,0.17222385861561118,72.33209853918878,47.75898457850916,0.8139786785245995,0.3512125675012273,2.838117225330645,0.09840966656977951,82.83156887284912,65.23828261640216,0.7930379746835443,0.20698210355852675,2.785613438971081,0.1388807069219482,0.0844968090328915,1,84232.0,0.507951667151105,0.14981522235601877,1,86841.0,85,0.14220913107511046,78.79628669600463,0.5652953568073841,69.92260465152629,70,0.09876261263131669,72.99249637620045,0.6307532346133169,69.2230097411391,1.1133767633848568,0.07435984398846872,-0.04274279030980305,1.4383324300535232,0.045461952093856936,-0.05100615310333145,0.1298289491313474,34.345692576427396,0.08,0.07381419204583167,7.087434421303094,0.018912713317107754,0.36907096022915675
test_person152_bacteria_720.jpeg,1,test,0.26786245055673685,75.02635950352183,38.538708533365686,0.8089283427937348,0.5008688295950797,2.8392451996474946,0.26808943409911545,71.83471233320267,40.54007636523404,0.809498603146596,0.5020419104082244,2.8620210632762935,0.0,0.04778562772938245,1,63939.0,0.0,0.0523722426325665,1,92707.0,169,0.08010380227267531,67.34601572065293,0.5936597167400376,42.16731644485847,215,0.11376357988678829,65.28902847766052,0.6162649420529127,55.191505719987966,0.9732954926803256,0.1719131971868066,0.01583152752651612,0.943929375810021,0.19525088581552177,0.013444778967600934,0.23455628723737848,37.97063113765391,0.23,0.0002269835423786004,2.09394463148395,0.017435010285546754,0.0
test_person1665_virus_2878.jpeg,1,test,0.2556460848179924,78.60679470619208,42.19861840972938,0.8086897986659323,0.4717711403558176,2.858997776251426,0.20877326022283146,73.78525172863766,40.25985685660611,0.781922324671696,0.39969666919442337,2.8219903776913142,0.0,0.04995901152057872,1,237574.0,0.0,0.06834179159618115,1,162633.0,408,0.04433952228083679,63.81966066652316,0.5626181420643068,53.36504348372377,183,0.051464154465379455,47.91613017992615,0.5651013193995056,41.776444835409535,0.9251777959660874,0.25086272027443696,0.01953363374894901,1.0065022823515173,0.14208681585332975,0.009264160341816152,0.09010235909150816,28.25589211305992,0.13,0.04687282459516093,6.623789366474867,0.005019218703983475,0.0
test_person126_bacteria_600.jpeg,1,test,0.18050431200344055,71.89371777485397,41.872023877186244,0.8161640228227475,0.35942416080038025,2.865320473253614,0.08400896573807237,67.36041219752784,36.98940763692327,0.7851806677847233,0.178597502401537,2.7542244276714847,0.09747843998280237,0.09494329885239594,1,72354.0,0.5799551713096409,0.18520653218059557,1,71493.0,108,0.08965798229928247,52.5262418911694,0.6353043424601229,45.36198534526123,231,0.03994876721101505,44.45449513501495,0.559469643463208,36.471922294025084,1.1638432746932188,0.056373118958243366,-0.04294769960396491,0.785614751835211,0.29532411327500235,0.034686742836615825,0.04243109294843927,19.762547666101234,0.08,0.09649534626536818,12.365703652674032,0.005829681316330382,0.48247673132683855
test_person1675_virus_2891.jpeg,1,test,0.3196603617285655,88.10285347692583,46.84435299077424,0.8080594307433162,0.5679828800220903,2.868537014263025,0.29635817395764635,84.71533925450457,45.59988672181392,0.8054099495598853,0.5441928629002711,2.8542717996699807,0.0,0.02885544663813337,1,49150.0,0.0,0.03652084707261669,1,47882.0,132,0.14480187767499655,98.5772231953475,0.5572123090538813,63.07283056647082,84,0.11973327471239101,75.41334754309278,0.6676528187906285,51.21485482465476,1.0009120969728313,0.15591346153846153,0.0006818511297306817,0.999230360468819,0.19069821657535843,-0.00484341763522711,0.2964927473479108,47.94032819682114,0.23,0.023302187770919136,4.604705483626546,0.017765643925263697,0.0
test_person100_bacteria_477.jpeg,1,test,0.26461737639525523,81.02820625848953,49.11171046279354,0.812099173553719,0.5069981454914447,2.8649161319376324,0.2711964697623107,81.41448151024778,49.82152028037284,0.8084020561369771,0.5082439073312607,2.8541116654525687,0.0,0.04501557087371846,1,83895.0,0.0,0.04619396249122455,1,72530.0,226,0.07411036075440008,90.70423427797957,0.6103051139203295,60.82210517361773,196,0.09477484705646375,96.7910711682791,0.582888386712569,65.2944665653739,0.9738389347778341,0.1266791277258567,0.0148345286908253,1.0098688411498042,0.09857182861943434,-0.007682295383565796,0.2888629528212955,47.524358155838556,0.33,0.006579093367055477,0.387386461020121,0.00980751102863267,0.0
test_person90_bacteria_442.jpeg,1,test,0.21241701435356478,72.13981294921476,41.20513709982193,0.8030574428659667,0.4169618725235509,2.8657922445600037,0.15418506394640683,74.90914046274062,44.768452403777474,0.7676356230327717,0.31615408038976855,2.786145512823384,0.0,0.06711669159516125,1,119960.0,0.22907468026796962,0.09555800852618758,1,88872.0,169,0.09152693589440815,62.8456563367058,0.5322973381766762,49.383357515125944,107,0.0853570341047503,54.57448857492572,0.6445446370573585,45.239515762619625,0.9750120638301706,0.19198842696242208,-0.005592358588924429,0.8924572516197421,0.1375302485883992,0.004970625201019124,0.09358980388468231,27.42504028479082,0.04,0.05823195040715795,5.195052674512745,0.024296965443999036,0.22907468026796962
test_person8_virus_28.jpeg,1,test,0.18515514417036436,75.31387502318655,45.34202334945685,0.8217660195842639,0.3761629848752326,2.859798219401792,0.17236075422532662,79.16395294729273,47.5232215370011,0.7965354330708662,0.3538869385834751,2.8094412975497147,0.07422427914818186,0.07401752628147017,1,102392.0,0.1381962288733708,0.07436393905396113,1,91438.0,124,0.04366461504206626,72.72665489081918,0.6062627572517041,53.350474040454216,124,0.09368101045926677,72.35555895447237,0.6160527908337726,57.3193399122141,0.9242946898051386,0.16448047810515676,0.02633139641497742,0.9277402351926703,0.13367601703627552,0.0033266753046263253,0.16256884343036979,34.75404892512154,0.22,0.012794389945037732,0.23889596282191405,0.007264398584674037,0.06397194972518894
test_person143_bacteria_689.jpeg,1,test,0.21622021899467816,77.57045345869768,39.84388756469426,0.7917484816658295,0.43828556195140256,2.861935773793669,0.20160121244069584,73.2493069639054,38.62961410860324,0.7789181238764504,0.411004217185029,2.840049653254973,0.0,0.04946139947275402,1,158665.0,0.0,0.0599235635213495,1,121073.0,221,0.039000404814328454,77.95453922366646,0.5722553199804002,49.162971189139284,147,0.03937137585661571,66.62536608034006,0.5909843302611398,45.42651556606923,0.9161990141518604,0.10296905680817929,0.02686500015467541,0.9846908410721249,0.21135575083498168,0.0020902253270887183,0.22630718954248366,38.216441361198946,0.22,0.014619006553982322,4.355864092438296,0.0029004961987805777,0.0
test_person1_virus_6.jpeg,1,test,0.18124395491601034,77.00429182217908,46.76821181612189,0.8067414506643433,0.36218195456070745,2.825536072402503,0.1623157596371882,73.66126287316159,43.43675212266679,0.7964725399458658,0.33330498866213154,2.7819213432729604,0.09378022541995279,0.08299283472493635,1,82882.0,0.18842120181406474,0.10372732426303855,1,59091.0,107,0.07659738260200154,76.8311362786871,0.6386138207491104,54.690767202950084,149,0.023866213151927437,66.58659333523711,0.6551791612849053,45.58417460775786,1.0607479020635378,0.17099101379572207,-0.053883256674042646,1.1515169307644917,0.13364834908412088,-0.010529996918636098,0.09096777397090224,27.421773382521003,0.1,0.01892819527882214,4.202793687098371,0.05003918100668349,0.09464097639411195
test_person130_bacteria_627.jpeg,1,test,0.2100167393415859,73.45849982301687,41.80342031608532,0.811070110701107,0.4123871127735642,2.8365393425319634,0.18807339449541285,71.58827958493795,44.066721834185095,0.8089430894308943,0.37331028675264816,2.819574646617688,0.0,0.06825931513360474,1,76389.0,0.05963302752294097,0.08374329654744493,1,73214.0,98,0.07288846638698877,72.56398108938453,0.6027380960141441,53.665369280456815,142,0.06771041084962107,55.5494896484178,0.5656348927182011,50.12655704853875,0.9263949598855156,0.045358052646476084,0.032516571759052176,1.0238405754913156,0.04299376299376299,0.0198645895997846,0.10762331838565023,28.107996722533954,0.11,0.021943344846173052,3.2534980914120553,0.0122795041532692,0.05963302752294097
test_person1_virus_9.jpeg,1,test,0.2795245138615608,82.01488792630292,53.02330316437497,0.8124666245934269,0.5223291221689984,2.8497292179920732,0.2807217247999456,85.9294826768007,55.16563723624556,0.7988864007746778,0.5263596051580897,2.8165791878662585,0.0,0.045160327303814474,1,53006.0,0.0,0.043476783499549775,1,42270.0,243,0.04175430502218664,90.45418898444424,0.5879915060368291,62.34948399760174,173,0.03727552285971559,93.65711943287329,0.6128813318985148,59.914743939752654,0.9247503576062006,0.23504506965310024,0.03732076689502162,0.9982524437384587,0.1677962474138546,0.015742836443793096,0.23874387707173053,40.39079346915939,0.26,0.0011972109383848184,2.0932917742456283,0.0038436198896508733,0.0
test_person119_bacteria_568.jpeg,1,test,0.24134292948878802,73.12148955310782,36.33433816399527,0.7970415179942816,0.47241485503113806,2.862752303419397,0.2356961835682451,71.68799827359456,36.93069836954982,0.7889244948224264,0.46189810364414924,2.851316417270763,0.0,0.04661587243652622,1,132862.0,0.0,0.051759653437535115,1,122245.0,216,0.059926546068389715,72.22522528591396,0.5627853652810088,46.51540639784574,163,0.0607795158612252,70.01387227385477,0.5939298207143132,45.28701869286448,0.8552838609674993,0.16438599925262914,0.0663068253547685,0.8525031337122495,0.11948684333739114,0.053342086730502364,0.26625027235093324,42.16980672288737,0.33,0.005646745920542928,1.9393480188257612,0.0008766564406701705,0.0
test_person74_virus_135.jpeg,1,test,0.32358207383221865,87.83005392213404,45.754872608230826,0.8166246236471641,0.5670256464268787,2.862169196430854,0.3049904965363409,87.73412784375073,48.36333700751617,0.805778739184178,0.5502741081666954,2.8501380739513196,0.0,0.02880615092948549,1,51260.0,0.0,0.032170402601278646,1,44037.0,148,0.04331455052925378,87.03031380049545,0.6615877302840046,59.55787045474428,132,0.06583308462009707,72.46155632922759,0.6182383836019898,57.92321324448179,1.0090063395903048,0.21979302629125488,-0.004457459380256323,1.016666488744795,0.19184546655760398,-0.012109056911261129,0.27220045706823376,42.21721346681654,0.24,0.018591577295877737,1.6566190995158294,0.0002847369520876386,0.0
test_person152_bacteria_722.jpeg,1,test,0.21945822205265167,69.33380564256122,34.94802627085676,0.7931733889661567,0.43530459112298103,2.8007832470389995,0.15782791136986513,57.02602393291699,25.6404690665567,0.8157559109192584,0.31496678692535185,2.861329363229499,0.0,0.06709907160117004,1,61322.0,0.2108604431506773,0.10306117708994628,1,108694.0,78,0.1362202721607529,58.441420674127905,0.577457529674404,39.62760479698199,234,0.10844959199789418,47.20295986118779,0.5712199703534467,30.89127719458827,0.9846788789241512,0.12051100661645375,0.02615957608735131,0.8267080801065492,0.19056398858384058,0.0475460197131683,0.14559759118061288,29.419509247242473,0.1,0.06163031068278654,10.378189686713881,0.03559147488204337,0.2108604431506773
test_person78_bacteria_382.jpeg,1,test,0.17477097261816596,76.418989335414,42.660349399847625,0.8140128867475475,0.3513376416520407,2.864150567967081,0.19571765434861185,89.08843698186509,56.211518270221625,0.8074048016885058,0.39888810478665726,2.8240813480200355,0.12614513690917473,0.07952804634317077,1,81314.0,0.02141172825694926,0.06834885282018624,1,46698.0,45,0.15962422262577483,72.28733954477492,0.6247623306979856,50.4887833436205,46,0.1198127334377528,83.333483731848,0.6352491977876178,68.55948332219405,1.0747598464028703,0.11801623575960161,-0.035979043594685206,1.0754028805690523,0.17915267372771893,-0.0298762690746828,0.20589049949219831,40.754177253107976,0.18,0.020946681730445893,8.874482618910122,0.00024476683482144157,0.10473340865222547
test_person64_virus_122.jpeg,1,test,0.2708916362605831,77.41581546592836,43.23999118979976,0.8202563096639205,0.5058450529597223,2.8489865228961304,0.2563835672958806,76.71720203953952,43.51178564972794,0.810833546688124,0.48049061805496945,2.8415234880328937,0.0,0.044103581423358955,1,82238.0,0.0,0.04946502752224754,1,79168.0,180,0.04900988345318644,59.21462414813826,0.5999707469627776,45.19869844621238,139,0.07062949522228787,61.85926456903173,0.5775334219443423,55.4109592009137,1.0128482639370864,0.16723208415516108,-0.005423784716340252,1.049319029897934,0.1983651226158038,-0.03155362764510539,0.23269630245118406,40.75521747401899,0.27,0.014508068964702525,1.8902870366508822,0.011504190907288853,0.0
val_NORMAL2-IM-1436-0001.jpeg,0,val,0.3513893613124362,94.11980524280885,47.185363007314805,0.8188164336640668,0.588535806797666,2.8701926648628375,0.3492745835572273,90.42429549420635,45.39348604614135,0.8115958668197474,0.5897407107396921,2.8596351159081124,0.0,0.024163374237944478,1,98965.0,0.0,0.02608932767650196,1,80974.0,786,0.06219419660378346,79.86531997360925,0.6851186206007907,54.52470633474097,453,0.09592018414108928,82.49788912802507,0.6728889054451128,51.860531330886396,0.9767780377455654,0.15831005444202026,0.010172640834068825,0.9806094509571219,0.1232054293918037,0.006262913778753487,0.34590921783376255,51.120494218276384,0.39,0.0021147777552089075,2.9610716346030515,0.0260910443169986,0.0
val_NORMAL2-IM-1430-0001.jpeg,0,val,0.34108066399733067,89.67473149000604,45.06971582291374,0.8201675277429611,0.5749655905905906,2.867716717773206,0.3467959290397844,87.04552242091475,44.82470556985353,0.81226075861269,0.5840875873258511,2.8599520889903616,0.0,0.02805930930930931,1,126165.0,0.0,0.02816552020059804,1,97241.0,931,0.09928678678678679,71.671311241169,0.6725184225698411,50.758302561333544,577,0.08096329967684407,73.2849571887469,0.7060060036587179,50.819949367065234,0.9713442764780513,0.1675483616265298,0.011874933532889376,0.9779776097355746,0.1531971153846154,0.01114926194245841,0.32638356584393685,44.88402810708422,0.28,0.005715265042453732,1.598828044566794,0.0009216703176888608,0.0
val_NORMAL2-IM-1431-0001.jpeg,0,val,0.2762479426654722,78.63789490471792,37.719447140523286,0.8127303751048767,0.48303870913977376,2.8702701797876284,0.2588930631172681,73.45969295480202,37.82575726805902,0.8026981450252951,0.4643360286456423,2.857173662149627,0.0,0.050717202441717534,1,277572.0,0.0,0.05712252175571959,1,201817.0,624,0.07756672014000292,53.58377925032236,0.5856727117693367,38.84416943580699,297,0.0689579267129419,47.271714048254424,0.6160064205177994,38.628587777389015,0.885190858710703,0.23423662066347029,0.02830520415349877,0.9083279962362203,0.20184170471841706,0.02795373237457141,0.15440868821742373,31.867602178860157,0.18,0.017354879548204083,3.950101153196556,0.0029195354639951765,0.0
val_NORMAL2-IM-1440-0001.jpeg,0,val,0.276425312863495,75.07734309551117,38.16354230757839,0.801142015837014,0.5069639797941466,2.8602444025528357,0.26241513001156086,73.68391929278833,37.78719418495791,0.7961640034562913,0.4856766924496848,2.863670696250018,0.0,0.056806276243823166,1,262802.0,0.0,0.06280219464368976,1,230723.0,570,0.04396175517039408,77.16790448357895,0.6545189371157287,49.04610580442877,470,0.0670880092997707,77.22708138749485,0.6214507761015111,50.33681555989937,0.8691140005112219,0.16214942257836437,0.05012984934526851,0.8701677534007303,0.1958380985530307,0.05390837953231223,0.26648289828982896,41.4424642690838,0.28,0.014010182851934116,1.8352121557784287,0.007307453653722984,0.0
val_NORMAL2-IM-1427-0001.jpeg,0,val,0.2705681352622755,75.85873051737434,36.987637015768456,0.8072466413943449,0.47545480167712206,2.8672520470679643,0.2656617462642623,72.69843781942471,36.50642879528063,0.7994171330058697,0.47197696946345685,2.858164601494911,0.0,0.05307109172741827,1,250714.0,0.0,0.05563168588907104,1,201744.0,524,0.10401527192215271,48.790773905559064,0.5808218991983941,36.84013690700801,390,0.07843322562001796,46.95972210712321,0.5232795125281763,35.07982501747828,0.9542239198996597,0.17898417761040608,-0.014008403147720283,1.0394490617386278,0.15353909345983627,-0.025581636207307912,0.1817645379270962,31.451280413747018,0.19,0.004906388998013211,2.026139154320049,0.008785064391378161,0.0
val_NORMAL2-IM-1438-0001.jpeg,0,val,0.3023508834749556,82.15009037553803,41.02384947484168,0.8082809510795299,0.522331327209376,2.876688707533009,0.3006832771317715,76.63976073551042,37.47940540071448,0.8124324855150742,0.5240505282553106,2.8722861132831485,0.0,0.041738395927155204,1,151695.0,0.0,0.043028151962723894,1,118191.0,506,0.08336661571020001,57.727542134573305,0.587146899360946,44.64549143169583,399,0.06868204876838854,55.2894297448378,0.5677282901966402,40.40709855402031,0.9664291224886086,0.1586076318089135,-0.003742932114031705,1.0549581185566526,0.0968699567651571,-0.02669561785559743,0.20975515178373588,33.76733914994969,0.26,0.0016676063431840804,3.2842747629949756,0.002452033127018083,0.0
val_NORMAL2-IM-1437-0001.jpeg,0,val,0.2808722602041152,69.37716223847636,36.057125917044516,0.8198196087618601,0.5070374342810894,2.872638647071126,0.2797378244049036,70.09701297277365,39.719157899302964,0.8186325741924507,0.5066937726497005,2.8733588095962084,0.0,0.05359504648852099,1,109150.0,0.0,0.05262549548875759,1,105812.0,438,0.06766333493449495,58.48062764887552,0.679606226658801,40.10510704778602,402,0.09658886161670417,55.13746417421719,0.6691988287109863,39.492704525451856,0.8940635340088036,0.15357766143106458,0.03425955533582015,0.9522899556638027,0.13582215552012006,0.025258929377673545,0.23051473875592382,33.58623523265545,0.23,0.0011344357992116305,0.28905961284002757,0.015617907579417445,0.0
val_NORMAL2-IM-1442-0001.jpeg,0,val,0.26263672722016096,70.53360962250365,36.500467238766134,0.8064512430052289,0.48956777333397583,2.8606240075219325,0.23988274325838116,71.07570374415872,42.47711853895019,0.7828451807983396,0.4561338752666389,2.8505816105695576,0.0,0.05226352816460271,1,244623.0,0.0,0.0627787100900027,1,176942.0,567,0.05180275140943478,63.906553425821244,0.6646968338488737,46.29933307232551,295,0.03981235487761435,74.23054498069381,0.6657085033592706,59.26359058880841,0.8800414449941779,0.211159388682917,0.05800659754293894,0.8711402705774086,0.14707032522974647,0.04522862813596684,0.2720058378181155,40.19250621043448,0.16,0.0227539839617798,1.389695594787483,0.006915015723203605,0.0
val_person1946_bacteria_4874.jpeg,1,val,0.3507440493891777,97.54438277542265,50.317050028138276,0.8213389405141424,0.5920158920860742,2.8755401246463763,0.3517473932839184,96.57804225412377,50.37815656023288,0.8150733345113977,0.5986511895327336,2.871528628120088,0.0,0.02063830040324979,1,54327.0,0.0,0.021226671639239816,1,41589.0,256,0.08841757169876407,105.76041751599737,0.6386478030714046,64.06312622959733,230,0.11289294982362905,107.46447277560209,0.6324078179707971,62.92012031939447,1.0101260835411632,0.2020647419072616,-0.013300888928492682,1.0165464147928434,0.09795726143521516,-0.007526749355040774,0.36198875751114556,60.88537040255096,0.48,0.0010033438947407158,1.139129981257824,0.01220868775851966,0.0
val_person1954_bacteria_4886.jpeg,1,val,0.24210611862454046,67.86070260508828,33.11007263484461,0.8110536292551931,0.45225904838393544,2.850979855491766,0.27132731831553175,78.06451661424198,42.86165224784042,0.8019537218947828,0.49784308305857733,2.8554017995324537,0.0,0.06403067200175924,1,158330.0,0.0,0.04869597836173027,1,147473.0,287,0.06090897356834512,54.194578793610184,0.5995904146892188,37.24673450259002,217,0.09234763380782215,69.95046805237692,0.5731626415466848,55.00642096579854,1.0106322755463197,0.14549460356415764,-0.037115254301890055,0.9686127268683654,0.13038387363394252,0.006355289537159914,0.19863606290396457,34.81053401604102,0.13,0.029221199690991295,8.50309127000041,0.03290622329858073,0.0
val_person1947_bacteria_4876.jpeg,1,val,0.29909481325100856,80.77814605460212,38.94877844391815,0.8163600763856994,0.5267145769770233,2.8577941213897335,0.30167103856990185,78.08575372798762,37.9298486727878,0.8096679656049725,0.5396677353541242,2.8601320249561812,0.0,0.04079124311349538,1,96708.0,0.0,0.038958515495968134,1,71741.0,236,0.05299535838743728,60.99091061363622,0.6005904942385665,41.31663489682082,185,0.11586515107354513,61.93393739672225,0.5893139429518673,41.13667415334919,0.9300591880986094,0.1769174284050338,0.01032418412571684,1.0078566610591078,0.1353857073149093,-0.016822171076449788,0.2416021498496385,40.030493281833635,0.18,0.002576225318893288,1.0262086872874576,0.002713778930291566,0.0
val_person1951_bacteria_4882.jpeg,1,val,0.2644930530142953,71.09398582985337,36.20112391489038,0.8089797375702936,0.4979282990804245,2.8547312950865487,0.24629141316677225,69.10706756531312,34.86302840341432,0.8023207129613015,0.4672598441436,2.8513915315478395,0.0,0.052825422308264376,1,62195.0,0.0,0.06188589190224356,1,51063.0,167,0.12163422379091757,66.8227972764825,0.579942876984178,43.584965427872795,66,0.15491360134348806,71.36714030027765,0.6581730114619979,44.347341207737394,0.9081926435202772,0.24190332894489375,0.02929443378418592,0.9163002117139556,0.20027127132349104,0.027102864673126753,0.23170614750167834,36.11694936109075,0.17,0.01820163984752307,2.7633215488243437,0.019025846817331354,0.0
val_person1946_bacteria_4875.jpeg,1,val,0.30381904502959445,76.38237984951057,39.33373065953854,0.8142360513544212,0.5454792629619559,2.8659938676260936,0.2911469950677013,81.24846209189107,45.92128303222758,0.8114378203398975,0.5390028588482926,2.8500850305791774,0.0,0.038483257691422836,1,66446.0,0.0,0.04071502623228928,1,45033.0,208,0.09522514797230879,74.50160029732648,0.6183600661292223,49.822623932850796,145,0.10271433508215262,88.48421879757049,0.6102823052330998,59.705952747135626,0.995503065376557,0.22656957703295938,-0.00015480822390301352,1.0168690043052568,0.11430101050659172,-0.0021873873407118882,0.28735856418259853,45.84842623278132,0.33,0.01267204996189314,2.305749652405254,0.004127648691322455,0.0
val_person1952_bacteria_4883.jpeg,1,val,0.2682941484945156,68.97162624467856,31.141243968781946,0.8192201974956734,0.48713018397937335,2.8691257442637337,0.2710153911785683,69.51287739243556,34.972973502280496,0.813247085444439,0.49601722425527095,2.864892738077314,0.0,0.053199973779661756,1,133677.0,0.0,0.050372947787309774,1,109186.0,274,0.10089913909889438,56.94462052589815,0.5927184845949256,36.02753009493595,220,0.11657701255157611,58.99884506467662,0.5607174821378302,43.54906755680466,0.9731777954002606,0.10464161018689669,0.0026010166831823,1.0640700621899317,0.11417404898384576,-0.026151077269454426,0.25064425770308124,37.283633493893,0.29,0.002721242684052716,0.9601895231475694,0.018378827203087977,0.0
val_person1950_bacteria_4881.jpeg,1,val,0.2901518927000498,78.04188225243873,37.94464357886366,0.8130358156346148,0.5183159628177071,2.8668514228531365,0.2908146816931551,76.24218361894728,37.30046559832421,0.7959053706630186,0.5228038165268508,2.8550313538062433,0.0,0.04204025914931421,1,163614.0,0.0,0.041087339749085995,1,103232.0,380,0.04519945396632792,63.532573876985346,0.5914887875555971,42.37392867548573,227,0.051650695878233316,62.823324804455616,0.6073856731848823,42.24825827786307,0.9438322724046062,0.21710692829263745,0.005946873431113497,0.9674495704975351,0.13235757830565484,-0.011744957320819205,0.20390737072204385,34.57545191539822,0.22,0.0006627889931052899,0.9289040857613671,0.004682486198904018,0.0
val_person1949_bacteria_4880.jpeg,1,val,0.2739466317020447,76.15496553110084,37.727279525609205,0.805914882607852,0.5030564513271201,2.860279359353195,0.25334551817454076,73.0535574111764,36.98401577666082,0.7961523404731279,0.4732181440786631,2.8471422538926237,0.0,0.045111449732449765,1,163643.0,0.0,0.050602512060867536,1,105300.0,310,0.03409493603600411,63.269261301406424,0.5831113137732648,44.57161843311693,153,0.04851975431959705,54.093868627656654,0.5379264848879897,42.182490874857905,0.9314796789927462,0.2099622045467366,0.018778261179330957,0.9749527840372588,0.1917603200087077,-0.007313385426594515,0.20187185557857354,35.418757736968004,0.15,0.020601113527503934,3.486718849143948,0.011015132954568768,0.0
